declarationRequestNumber,region,stateAbbreviation,state,tribalRequest,declarationRequestDate,declarationRequestType,incidentName,requestedIncidentTypes,requestedIncidentBeginDate,requestedIncidentEndDate,currentRequestStatus,requestStatusDate,ihProgramRequested,iaProgramRequested,paProgramRequested,hmProgramRequested,incidentId,incidentBeginDate,id
23,10,ID,Idaho                         ,0,2000-03-03T00:00:00.000Z,Major Disaster,ID-ROCKSLIDES-02-11-2000,Mud/Landslide,2000-01-30T00:00:00.000Z,,Turndown,2000-03-17T00:00:00.000Z,0,1,0,1,2000021103,2000-01-30T00:00:00.000Z,72807c9b-8b95-4f69-9cc8-d610744ad951
40,6,OK,Oklahoma                      ,0,2000-05-10T00:00:00.000Z,Major Disaster,OK-Tulsa Flooding-5-6-00,Flood,2000-05-05T00:00:00.000Z,2000-05-08T00:00:00.000Z,Turndown,2000-05-24T00:00:00.000Z,0,1,0,1,2000050701,2000-05-06T00:00:00.000Z,2c801e5f-0fb7-4635-ad82-a8986d33cf68
46,6,LA,Louisiana                     ,0,2000-06-05T00:00:00.000Z,Major Disaster,LA-Tornado-North Louisiana-4/23/00,Tornado,2000-04-23T00:00:00.000Z,2000-04-24T00:00:00.000Z,Turndown,2000-06-21T00:00:00.000Z,0,1,0,1,2000042401,2000-04-23T00:00:00.000Z,ffae3de7-b2f4-4733-b61d-09aa696234a4
51,4,NC,North Carolina                ,0,2000-06-06T00:00:00.000Z,Major Disaster,NC -Severe Storms and Possible Tornados,Severe Storm,2000-05-25T00:00:00.000Z,2000-05-25T00:00:00.000Z,Turndown,2000-06-23T00:00:00.000Z,0,0,1,1,2000052601,2000-05-25T00:00:00.000Z,c8552720-ffa1-4d06-8601-f70a096037e0
56,5,IL,Illinois                      ,0,2000-06-15T00:00:00.000Z,Major Disaster,"IL-Severe Storms, Tornadoes & Flooding-05/19/2000",Severe Storm,2000-05-18T00:00:00.000Z,2000-05-26T00:00:00.000Z,Turndown,2000-06-27T00:00:00.000Z,0,0,1,1,2000051901,2000-05-19T00:00:00.000Z,f37fb95a-fab7-45c2-91f5-319293aecd87
79,6,TX,Texas                         ,0,2000-07-27T00:00:00.000Z,Emergency,TX-Fire Emergency Request-07-27-00,Fire,2000-07-27T00:00:00.000Z,,Turndown,2000-09-20T00:00:00.000Z,0,0,1,0,2000073101,2000-07-27T00:00:00.000Z,8bc1eb27-c1c8-463c-83a9-931c212b0564
93,1,CT,Connecticut                   ,0,2000-08-17T00:00:00.000Z,Major Disaster,CT Heavy Rains and Flooding 8-11-00,Severe Storm,2000-08-11T00:00:00.000Z,2000-08-12T00:00:00.000Z,Turndown,2000-09-21T00:00:00.000Z,0,1,0,1,2000081404,2000-08-11T00:00:00.000Z,584c8a8d-20b1-4597-8a16-b84a857740bf
138,6,AR,Arkansas                      ,0,2000-09-08T00:00:00.000Z,Emergency,AR-Extreme Fire Hazard-8/25/00,Fire,2000-08-25T00:00:00.000Z,,Turndown,2000-09-20T00:00:00.000Z,0,0,1,0,2000090803,2000-08-25T00:00:00.000Z,efc241ad-526e-4949-8a1b-9fe220f1fcbb
154,6,OK,Oklahoma                      ,0,2000-09-22T00:00:00.000Z,Emergency,OK-Severe Fire Threat-8/29/00,Fire,2000-09-15T00:00:00.000Z,,Turndown,2000-10-11T00:00:00.000Z,0,0,1,0,2000092205,2000-09-15T00:00:00.000Z,1f7e6d8c-99d6-42a8-8247-e99b3dafb319
155,5,WI,Wisconsin                     ,0,2000-09-22T00:00:00.000Z,Major Disaster," Wi-Eau Claire, Severe Storms and Flooding",Severe Storm,2000-09-10T00:00:00.000Z,2000-09-11T00:00:00.000Z,Turndown,2000-10-20T00:00:00.000Z,0,0,1,1,2000091401,2000-09-10T00:00:00.000Z,6e18a892-e1ef-4e34-bdb0-8483fbe62c3c
162,2,NY,New York                      ,0,2000-10-10T00:00:00.000Z,Major Disaster,NY - Heavy Rains and Thunderstorms,Severe Storm,2000-09-02T00:00:00.000Z,2000-09-09T00:00:00.000Z,Turndown,2000-10-19T00:00:00.000Z,0,1,1,1,2000091202,2000-09-02T00:00:00.000Z,ff96cbac-30e3-4d1b-8efd-4761d951b383
1006,2,NY,New York                      ,0,2001-01-16T00:00:00.000Z,Major Disaster,"NY Rain Dec17, 2000",Severe Storm,2000-12-16T00:00:00.000Z,2000-12-17T00:00:00.000Z,Turndown,2001-04-03T00:00:00.000Z,0,1,1,1,2000121901,2000-12-16T00:00:00.000Z,322f1a5c-534b-4539-9bc1-69889b00460b
1027,6,AR,Arkansas                      ,0,2001-03-02T00:00:00.000Z,Major Disaster,AR-Tornadoes-2-24-01,Tornado,2001-02-24T00:00:00.000Z,2001-02-25T00:00:00.000Z,Turndown,2001-03-16T00:00:00.000Z,0,1,0,0,2001022602,2001-02-24T00:00:00.000Z,ec5e9713-e5c2-4f2d-aea4-0d8d19376809
1029,6,OK,Oklahoma                      ,0,2001-03-15T00:00:00.000Z,Major Disaster,OK-Ice Storm-1-27-01,Severe Ice Storm,2001-01-27T00:00:00.000Z,2001-01-29T00:00:00.000Z,Turndown,2001-04-03T00:00:00.000Z,0,0,1,1,2001030701,2001-01-27T00:00:00.000Z,b403ecba-ef1d-4443-abc9-79432c662c5f
1035,6,TX,Texas                         ,0,2001-05-30T00:00:00.000Z,Major Disaster,TX-Severe Weather-2-23-01,Severe Storm,2001-02-14T00:00:00.000Z,2001-03-30T00:00:00.000Z,Turndown,2001-06-28T00:00:00.000Z,0,0,1,1,2001022701,2001-02-14T00:00:00.000Z,749d405d-87fc-43ca-a300-e9f0bc4cbb09
1038,1,RI,Rhode Island                  ,0,2001-04-20T00:00:00.000Z,Major Disaster,New England Nor'Easter/Flooding-03/21/2001,Flood,2001-03-22T00:00:00.000Z,2001-03-30T00:00:00.000Z,Turndown,2001-06-21T00:00:00.000Z,0,0,0,1,2001032301,2001-03-21T00:00:00.000Z,ffbc6e68-7eb2-4ba0-94b2-f25e9e90c41b
1078,4,FL,Florida                       ,0,2001-08-06T00:00:00.000Z,Major Disaster,R4-TS Barry,Hurricane,2001-08-02T00:00:00.000Z,,Turndown,2001-08-14T00:00:00.000Z,0,1,0,0,2001080301,2001-08-02T00:00:00.000Z,025eab03-4d6c-43f1-961a-42db4c689a72
1081,5,IL,Illinois                      ,0,2001-08-14T00:00:00.000Z,Major Disaster,IL-Chigago Flash Flood-08/02/2110,Flood,2001-08-02T00:00:00.000Z,2001-08-02T00:00:00.000Z,Turndown,2001-08-27T00:00:00.000Z,0,1,0,1,2001080302,2001-08-02T00:00:00.000Z,e333e437-0669-49b2-a40d-d1433bde84b9
1095,1,MA,Massachusetts                 ,0,2001-10-02T00:00:00.000Z,Emergency,Fires and Explosions,Fire,2001-09-11T00:00:00.000Z,,Turndown,2001-10-31T00:00:00.000Z,0,0,1,0,2001091102,2001-09-11T00:00:00.000Z,1495e910-fc59-42c1-bfcb-199275f29e1b
1096,3,MD,Maryland                      ,0,2001-10-02T00:00:00.000Z,Major Disaster,Tornadoes and Severe Storms,Tornado,2001-09-24T00:00:00.000Z,2001-09-24T00:00:00.000Z,Turndown,2001-10-24T00:00:00.000Z,0,1,1,1,2001092501,2001-09-24T00:00:00.000Z,9d1de840-b18c-4d6e-92dc-6a1fb6233354
1097,6,TX,Texas                         ,0,2001-10-03T00:00:00.000Z,Major Disaster,TX-Queen Isabel Bridge Collapse-9-15-01,Other,2001-09-15T00:00:00.000Z,,Turndown,2001-12-21T00:00:00.000Z,0,0,0,0,2001091501,2001-09-15T00:00:00.000Z,6fb2c6f6-753a-4324-b03c-77a0cef7462f
1099,9,FM,Federated States of Micronesia,0,2001-09-10T00:00:00.000Z,Major Disaster,FM-Toxic Substance-08-20-2001,Toxic Substances,2001-07-01T00:00:00.000Z,2001-08-26T00:00:00.000Z,Turndown,2001-10-29T00:00:00.000Z,0,0,1,0,2001082001,2001-08-20T00:00:00.000Z,50dcb9cd-561e-4be3-b4cc-185660d3271b
1101,4,FL,Florida                       ,0,2001-10-17T00:00:00.000Z,Emergency,Fires and Explosions,Fire,2001-09-11T00:00:00.000Z,,Turndown,2001-11-07T00:00:00.000Z,0,0,1,0,2001091102,2001-09-11T00:00:00.000Z,4c9ad0de-3853-4abb-a6a1-4ddcacfa8ce8
1102,6,TX,Texas                         ,0,2001-10-25T00:00:00.000Z,Major Disaster,TX-Severe Storms & Tornadoes-10-12-01,Severe Storm,2001-10-12T00:00:00.000Z,2001-10-13T00:00:00.000Z,Turndown,2001-11-27T00:00:00.000Z,0,1,1,1,2001101303,2001-10-12T00:00:00.000Z,a2badc90-b192-45ac-9639-2e857db56cc2
1114,6,TX,Texas                         ,0,2001-11-30T00:00:00.000Z,Major Disaster,TX-Severe Storms & Flooding-11-15-01,Severe Storm,2001-11-15T00:00:00.000Z,2001-11-18T00:00:00.000Z,Turndown,2002-01-09T00:00:00.000Z,0,1,1,1,2001111601,2001-11-15T00:00:00.000Z,84aeea0d-fc5f-4fd9-8336-9cae0a86e160
1115,4,FL,Florida                       ,0,2001-12-04T00:00:00.000Z,Major Disaster,Red Tide (micro algae Karenia brevis),Other,2001-10-16T00:00:00.000Z,,Turndown,2002-03-13T00:00:00.000Z,0,0,0,0,2001120601,2001-10-16T00:00:00.000Z,98189a91-df2a-49a5-9d64-f07f60b9ef70
2017,4,TN,Tennessee                     ,0,2002-02-06T00:00:00.000Z,Major Disaster,TN - Severe Weather System with Flooding,Severe Storm,2002-01-23T00:00:00.000Z,,Turndown,2002-02-19T00:00:00.000Z,0,0,1,0,2002012401,2002-01-22T00:00:00.000Z,2e7222ad-bbfb-4756-b944-b3730b0834a6
2020,4,GA,Georgia                       ,0,2002-02-21T00:00:00.000Z,Emergency,GA-Unburied and Uncremated Bodies,Other,2002-02-15T00:00:00.000Z,,Turndown,2002-02-26T00:00:00.000Z,0,0,1,0,2002021901,2002-02-17T00:00:00.000Z,4039161f-7483-43d6-a4b9-d5bc493731f6
2027,1,ME,Maine                         ,0,2002-04-09T00:00:00.000Z,Major Disaster,Drought,Drought,2001-06-01T00:00:00.000Z,,Turndown,2002-07-19T00:00:00.000Z,0,1,1,1,2002032702,2002-06-01T00:00:00.000Z,ac0a9da5-7687-4cb0-a39d-0627aaae4aa4
2029,5,IL,Illinois                      ,0,2002-04-25T00:00:00.000Z,Major Disaster,Il-Tornado-4 21 02,Tornado,2002-04-21T00:00:00.000Z,2002-04-21T00:00:00.000Z,Turndown,2002-05-07T00:00:00.000Z,0,1,1,1,2002042201,2002-04-21T00:00:00.000Z,9c3fbc78-f118-499b-85dd-4a7045c4fe5d
2052,6,NM,New Mexico                    ,0,2002-06-03T00:00:00.000Z,Emergency,NM-Wildfire Threat-3-24-02,Fire,2002-03-24T00:00:00.000Z,2002-07-19T00:00:00.000Z,Turndown,2002-06-17T00:00:00.000Z,0,0,1,0,2002052901,2002-03-24T00:00:00.000Z,b4265353-9529-4c52-ad59-9cf2e67b9184
2084,5,IL,Illinois                      ,0,2002-07-01T00:00:00.000Z,Major Disaster,IL-Flooding-06/04-05/02,Flood,2002-06-03T00:00:00.000Z,2002-06-05T00:00:00.000Z,Turndown,2002-07-19T00:00:00.000Z,0,0,1,1,2002061902,2002-06-04T00:00:00.000Z,20b66de6-e4cb-4048-b035-f64a9604193f
2094,7,NE,Nebraska                      ,0,2002-07-15T00:00:00.000Z,Major Disaster,Nebraska severe storms,Severe Storm,2002-07-06T00:00:00.000Z,2002-07-06T00:00:00.000Z,Turndown,2002-07-29T00:00:00.000Z,0,1,0,1,2002070601,2002-07-06T00:00:00.000Z,1e2bc3c9-e7de-4d3e-bbe2-78feb50d5e7d
2106,8,ND,North Dakota                  ,0,2002-08-01T00:00:00.000Z,Emergency,ND - Wildfire Threat,Fire,2002-02-22T00:00:00.000Z,,Turndown,2002-09-05T00:00:00.000Z,0,0,1,0,2002080102,2002-02-22T00:00:00.000Z,df206819-6286-4dbf-8bba-f11fe648e75b
2107,6,LA,Louisiana                     ,0,2002-08-05T00:00:00.000Z,Emergency,LA-West Nile Virus-8-5-02,Other,2002-06-01T00:00:00.000Z,,Turndown,2003-04-25T00:00:00.000Z,0,0,1,0,2002080601,2002-06-01T00:00:00.000Z,e414de6e-0ac0-4764-8e88-1144ab5ab5ed
2119,4,MS,Mississippi                   ,0,2002-08-16T00:00:00.000Z,Emergency,MS - West Nile Virus 8-16-02,Other,2002-07-19T00:00:00.000Z,,Turndown,2003-04-25T00:00:00.000Z,0,0,1,0,2002081601,2002-07-19T00:00:00.000Z,f6c62588-62fb-49cd-ace7-2796c7671677
2121,2,NJ,New Jersey                    ,0,2002-08-14T00:00:00.000Z,Emergency,NJ-Severe Storm Power Outage 8-02-02,Severe Storm,2002-08-02T00:00:00.000Z,,Turndown,2003-01-08T00:00:00.000Z,0,0,1,0,2002080901,2002-08-02T00:00:00.000Z,993bdc52-ef13-493c-8810-dba75cc22848
2122,9,AZ,Arizona                       ,0,2002-08-06T00:00:00.000Z,Major Disaster,Monsoon 7-09-2002,Other,2002-07-09T00:00:00.000Z,2002-07-15T00:00:00.000Z,Turndown,2002-08-30T00:00:00.000Z,0,1,1,1,2002071703,2002-07-09T00:00:00.000Z,3b6a3a1f-eb5a-439c-bbb3-90701b5f6dfc
2124,8,WY,Wyoming                       ,0,2002-08-30T00:00:00.000Z,Major Disaster,WY Flooding 08/27/02,Flood,2002-08-27T00:00:00.000Z,2002-08-28T00:00:00.000Z,Turndown,2002-09-18T00:00:00.000Z,0,0,1,1,2002082702,2002-08-27T00:00:00.000Z,89177aa3-a170-4b24-81ef-30cf504ca58b
2132,3,VA,Virginia                      ,0,2002-08-23T00:00:00.000Z,Major Disaster,VA - Orange County Drought,Drought,2002-08-26T00:00:00.000Z,,Turndown,2003-01-21T00:00:00.000Z,0,0,1,0,2002092301,2002-08-26T00:00:00.000Z,3cf9e218-9435-449b-9f5b-08a7b0412e09
2140,4,FL,Florida                       ,0,2002-10-08T00:00:00.000Z,Emergency,Hurricane Isidore-9-23-02,Hurricane,2002-09-26T00:00:00.000Z,2002-09-27T00:00:00.000Z,Turndown,2002-11-18T00:00:00.000Z,0,0,1,0,2002092302,2002-09-21T00:00:00.000Z,0f89e6e9-5618-4f3d-8805-be993896eb0e
2154,1,CT,Connecticut                   ,0,2002-12-11T00:00:00.000Z,Major Disaster,"CT-Winter Storm -Freezing rain, sleet & snow",Severe Ice Storm,2002-11-16T00:00:00.000Z,2002-11-18T00:00:00.000Z,Turndown,2003-01-08T00:00:00.000Z,0,0,1,1,2002112001,2002-11-16T00:00:00.000Z,22738796-57de-4cb8-951f-16136de193fd
2156,4,MS,Mississippi                   ,0,2002-12-23T00:00:00.000Z,Major Disaster,MS-Severe Storms and Tornado,Tornado,2002-12-18T00:00:00.000Z,2002-12-19T00:00:00.000Z,Turndown,2003-02-14T00:00:00.000Z,0,0,1,1,2002122001,2002-12-19T00:00:00.000Z,9b27884a-a1f2-41c6-a384-9de1171ccd68
3002,10,ID,Idaho                         ,0,2000-02-18T00:00:00.000Z,Emergency,ID-ROCKSLIDES-02-11-2000,Mud/Landslide,2000-01-30T00:00:00.000Z,2000-02-11T00:00:00.000Z,Turndown,2000-03-17T00:00:00.000Z,0,0,0,0,2000021103,2000-01-30T00:00:00.000Z,ab4cde95-e2fe-432f-bb29-7524bd1cf75e
3013,1,RI,Rhode Island                  ,0,2003-02-24T00:00:00.000Z,Major Disaster,RI Nightclub Fire,Fire,2003-02-20T00:00:00.000Z,,Turndown,2003-04-23T00:00:00.000Z,1,0,1,0,2003022102,2003-02-20T00:00:00.000Z,6bb408e5-abdd-4b71-86ef-a0181a728cd7
3028,4,FL,Florida                       ,0,2003-03-20T00:00:00.000Z,Major Disaster,FL - Sustained severe freeze events,Freezing,2002-11-01T00:00:00.000Z,2003-02-28T00:00:00.000Z,Turndown,2003-04-28T00:00:00.000Z,0,0,0,1,2003032101,2002-11-01T00:00:00.000Z,f756df11-3ced-4683-a5db-7ab1cd17b1b8
3031,1,NH,New Hampshire                 ,0,2003-04-09T00:00:00.000Z,Major Disaster,Mt. Washington Structural Fire,Other,2003-02-09T00:00:00.000Z,2003-02-09T00:00:00.000Z,Turndown,2003-06-20T00:00:00.000Z,0,0,1,0,2003021902,2003-02-09T00:00:00.000Z,8506e0d4-970d-41bf-862b-5f043369fef4
3034,9,CA,California                    ,0,2003-04-16T00:00:00.000Z,Emergency,CA - Severe Fire Threat,Drought,2002-03-01T00:00:00.000Z,,Turndown,2003-12-22T00:00:00.000Z,0,0,1,0,2003042301,2003-04-16T00:00:00.000Z,ac69a246-92aa-499d-9248-a15c711562eb
3051,5,MI,Michigan                      ,0,2003-06-04T00:00:00.000Z,Major Disaster,MI-Dam Failure 05/14/2003,Dam/Levee Break,0003-05-10T00:00:00.000Z,2003-05-26T00:00:00.000Z,Turndown,2003-09-24T00:00:00.000Z,0,0,1,1,2003051501,2003-05-14T00:00:00.000Z,5d490b0e-d450-4e62-b459-865b0e205935
3057,9,AZ,Arizona                       ,0,2003-06-12T00:00:00.000Z,Emergency,AZ-Wildfire-05-27-2003,Fire,2002-04-01T00:00:00.000Z,,Turndown,2002-01-08T00:00:00.000Z,0,0,1,0,2003052801,2003-05-27T00:00:00.000Z,1ff1f6bb-aaa6-43ed-abf5-7ed83710784e
3062,4,MS,Mississippi                   ,0,2003-06-12T00:00:00.000Z,Major Disaster,MS Flooding and Damaging Winds,Severe Storm,2003-05-17T00:00:00.000Z,,Turndown,2003-08-28T00:00:00.000Z,0,0,1,1,2003063002,2003-05-17T00:00:00.000Z,c9db196e-a84f-4ce1-8cf5-ff0ea52b4cb0
3064,6,LA,Louisiana                     ,0,2003-07-09T00:00:00.000Z,Major Disaster,TS  Bill,Severe Storm,2003-06-30T00:00:00.000Z,,Turndown,2003-09-12T00:00:00.000Z,1,0,1,1,2003063003,2003-06-29T00:00:00.000Z,ce728c8e-b381-469d-8f6c-6b43fbe1b248
3089,4,FL,Florida                       ,0,2003-08-13T00:00:00.000Z,Major Disaster,FL-Severe Storms and Tornadoes,Tornado,2003-08-07T00:00:00.000Z,2003-08-08T00:00:00.000Z,Turndown,2003-08-29T00:00:00.000Z,1,0,0,1,2003081301,2003-08-07T00:00:00.000Z,54df83d4-7783-4e18-b9cf-5d00cdbd4460
3102,4,KY,Kentucky                      ,0,2003-08-29T00:00:00.000Z,Major Disaster,KY - Severe Storms and flooding,Severe Storm,2003-08-22T00:00:00.000Z,2003-08-22T00:00:00.000Z,Turndown,2003-10-07T00:00:00.000Z,1,0,0,1,2003082802,2003-08-22T00:00:00.000Z,04af37e3-87e2-4b40-bec0-21532d27eefc
3118,2,NJ,New Jersey                    ,0,2003-10-03T00:00:00.000Z,Major Disaster,Hurricane Isabel,Hurricane,2003-09-18T00:00:00.000Z,,Turndown,2003-11-06T00:00:00.000Z,0,0,1,1,2003091101,2003-09-18T00:00:00.000Z,a0c69060-0b5b-43e4-9ff9-19b680c2fc33
3119,6,TX,Texas                         ,0,2003-10-21T00:00:00.000Z,Major Disaster,TX-Severe Storms10-12-03,Severe Storm,2003-09-18T00:00:00.000Z,2003-10-20T00:00:00.000Z,Turndown,2003-11-06T00:00:00.000Z,1,0,0,1,2003101701,2003-10-12T00:00:00.000Z,52b41196-c09c-4f43-a28c-6d397e310dbc
3139,6,TX,Texas                         ,0,2003-11-21T00:00:00.000Z,Major Disaster,TX-Severe Storms and Tornadoes-11-17-2003,Severe Storm,2003-11-17T00:00:00.000Z,2003-11-18T00:00:00.000Z,Turndown,2003-12-04T00:00:00.000Z,1,0,0,1,2003111802,2003-11-17T00:00:00.000Z,7b0175d4-2db0-4803-b755-0ae1042799b3
3141,3,PA,Pennsylvania                  ,0,2003-12-05T00:00:00.000Z,Major Disaster,VA Severe Storms and Flooding 11/18/2003,Flood,2003-11-19T00:00:00.000Z,,Turndown,2004-02-10T00:00:00.000Z,1,0,0,1,2003112401,2003-11-18T00:00:00.000Z,e51bf5df-e9e6-4627-b5f1-83e7311cbebc
4010,3,WV,West Virginia                 ,0,2004-02-04T00:00:00.000Z,Major Disaster,WV Flood Jan 2004,Flood,2004-01-03T00:00:00.000Z,2004-01-30T00:00:00.000Z,Turndown,2004-03-04T00:00:00.000Z,0,0,1,1,2004021704,2004-01-03T00:00:00.000Z,e03dd5ab-5af7-4a6e-b3d8-40ee14d46b12
4013,10,WA,Washington                    ,0,2004-02-06T00:00:00.000Z,Major Disaster,RX-WA-Winter Storm,Severe Ice Storm,2004-01-06T00:00:00.000Z,2004-01-10T00:00:00.000Z,Turndown,2004-05-28T00:00:00.000Z,0,0,1,1,2004020401,2004-02-04T00:00:00.000Z,80de5aaa-0dd1-4dc2-ab7c-ac10a244df9a
4015,4,MS,Mississippi                   ,0,2004-03-19T00:00:00.000Z,Major Disaster,MS - Big Bay Lake Dam Failure,Dam/Levee Break,2004-03-12T00:00:00.000Z,2004-03-12T00:00:00.000Z,Turndown,2004-04-05T00:00:00.000Z,1,0,0,1,2004031501,2004-03-12T00:00:00.000Z,0aebf718-4a2e-4a9e-843c-bb08c0e3b0dd
4028,5,MI,Michigan                      ,0,2004-04-30T00:00:00.000Z,Major Disaster,MI-Emerald Ash Borer Infestation,Other,2004-04-30T00:00:00.000Z,,Turndown,2004-07-26T00:00:00.000Z,0,0,1,1,2004050301,2004-04-30T00:00:00.000Z,45beed86-2a33-4c1e-8cc7-f093ce9e9e33
4030,6,LA,Louisiana                     ,0,2004-05-11T00:00:00.000Z,Major Disaster,LA-Flooding-4-25-04,Flood,2004-04-25T00:00:00.000Z,,Turndown,2004-08-18T00:00:00.000Z,1,0,0,1,2004042802,2004-04-25T00:00:00.000Z,77b6594e-e4ba-46aa-b827-ee4490400e1d
4091,4,NC,North Carolina                ,0,2004-08-20T00:00:00.000Z,Major Disaster,Tropical Storm Bonnie and Hurricane Charley,Hurricane,2004-08-12T00:00:00.000Z,2004-08-15T00:00:00.000Z,Turndown,2004-12-01T00:00:00.000Z,1,0,1,1,2004081102,2004-08-11T00:00:00.000Z,2877bb78-3567-4ad4-91dc-2c4c3d43c216
4101,5,OH,Ohio                          ,0,2004-09-07T00:00:00.000Z,Major Disaster,Severe Storms and Flooding,Flood,2004-08-27T00:00:00.000Z,2004-08-28T00:00:00.000Z,Turndown,2004-09-20T00:00:00.000Z,1,0,1,1,2004083002,2004-08-27T00:00:00.000Z,76eb6c22-bc91-4abb-a900-285b3145514f
4123,4,GA,Georgia                       ,0,2004-09-26T00:00:00.000Z,Major Disaster,Severe Storms & Flooding-remnants of Hur. Jeanne,Other,2004-09-26T00:00:00.000Z,,Turndown,2004-11-09T00:00:00.000Z,1,0,1,1,2004091501,2004-09-28T00:00:00.000Z,7b744e14-183c-4ce4-9ffc-103a3fc0d447
4128,3,MD,Maryland                      ,0,2004-09-29T00:00:00.000Z,Major Disaster,Hurricane Ivan,Fire,2004-09-12T00:00:00.000Z,2004-09-23T00:00:00.000Z,Turndown,2004-10-18T00:00:00.000Z,1,0,0,1,2004090502,2004-09-14T00:00:00.000Z,6fc6e4e8-a989-47f0-a3b3-7574d8a3b2f9
4132,7,IA,Iowa                          ,0,2004-10-04T00:00:00.000Z,Major Disaster,Severe storms and flooding,Severe Storm,2004-09-14T00:00:00.000Z,2004-09-21T00:00:00.000Z,Turndown,2004-11-05T00:00:00.000Z,1,0,0,1,2004091601,2004-09-14T00:00:00.000Z,6bf8221c-6c4a-44fa-8ea9-c76579b8524c
4136,6,LA,Louisiana                     ,0,2004-12-09T00:00:00.000Z,Major Disaster,Severe Storms and Tornadoes,Severe Storm,2004-11-23T00:00:00.000Z,2004-11-23T00:00:00.000Z,Turndown,2005-02-25T00:00:00.000Z,1,0,0,1,2004112902,2004-11-23T00:00:00.000Z,b796a584-b8ee-4f42-8296-63fa6c0a7c49
4137,6,TX,Texas                         ,0,2004-12-09T00:00:00.000Z,Major Disaster,Severe Storms and Flooding,Severe Storm,2004-11-15T00:00:00.000Z,2004-12-04T00:00:00.000Z,Turndown,2004-12-29T00:00:00.000Z,1,0,0,1,2004112201,2004-11-15T00:00:00.000Z,cb2d49f4-88d1-4b28-aed5-18d1422a1c54
5003,4,SC,South Carolina                ,0,2005-01-11T00:00:00.000Z,Emergency,Hazardous Material Spill,Chemical,2005-01-06T00:00:00.000Z,,Turndown,2005-02-09T00:00:00.000Z,0,0,1,0,2005011104,2005-01-06T00:00:00.000Z,3d1e326d-1ffb-44be-997c-8fb5d6f3be99
5036,8,MT,Montana                       ,0,2005-05-02T00:00:00.000Z,Major Disaster,Severe Ice and Wind Storms,Severe Storm,2005-04-09T00:00:00.000Z,2005-04-10T00:00:00.000Z,Turndown,2005-08-08T00:00:00.000Z,0,0,1,1,2005041301,2005-04-09T00:00:00.000Z,fae22b81-0116-49f2-83c2-7d10ae8d01fc
5037,1,NH,New Hampshire                 ,0,2005-04-28T00:00:00.000Z,Major Disaster,"Severe Storms, Flooding, Snow Melt, and Ice Jams",Severe Storm,2005-04-01T00:00:00.000Z,2005-04-05T00:00:00.000Z,Turndown,2005-08-26T00:00:00.000Z,0,0,1,1,2005041201,2005-03-29T00:00:00.000Z,53263841-7151-4c3e-87de-920e8aceb18a
5044,1,MA,Massachusetts                 ,0,2005-06-10T00:00:00.000Z,Major Disaster,Red Tide,Fishing Losses,2005-04-27T00:00:00.000Z,,Turndown,2005-08-11T00:00:00.000Z,0,0,0,0,2005061302,2005-05-04T00:00:00.000Z,97a1c148-7c81-46a5-b932-525a36500a6e
5052,1,ME,Maine                         ,0,2005-06-30T00:00:00.000Z,Major Disaster,Red Tide,Fishing Losses,2005-05-04T00:00:00.000Z,,Turndown,2005-07-27T00:00:00.000Z,0,0,0,0,2005061302,2005-05-04T00:00:00.000Z,cb4e15fd-0a4c-44df-9eeb-fd4a7eb3e845
5063,2,NY,New York                      ,0,2005-07-22T00:00:00.000Z,Major Disaster,Severe Storms and Flooding,Severe Storm,2005-06-06T00:00:00.000Z,2005-07-18T00:00:00.000Z,Turndown,2005-12-08T00:00:00.000Z,1,0,1,1,2005061401,2005-06-06T00:00:00.000Z,d2671aba-aeff-4fc3-a2b2-93677ccf4611
5064,2,NJ,New Jersey                    ,0,2005-07-21T00:00:00.000Z,Major Disaster,NJ - Severe Storms and Flooding,Severe Storm,2005-07-17T00:00:00.000Z,2005-07-17T00:00:00.000Z,Turndown,2005-10-03T00:00:00.000Z,1,0,0,1,2005072501,2005-07-17T00:00:00.000Z,689e01d5-9b53-4204-bc84-e3ee60d25d92
5072,1,NH,New Hampshire                 ,0,2005-08-04T00:00:00.000Z,Major Disaster,NH -- Rain and Flash Flooding,Flood,2005-06-06T00:00:00.000Z,2005-06-29T00:00:00.000Z,Turndown,2005-12-21T00:00:00.000Z,0,0,1,1,2005071201,2005-06-06T00:00:00.000Z,7c2eb812-1e4e-4ef0-916c-1b19c06336ca
5077,5,WI,Wisconsin                     ,0,2005-08-25T00:00:00.000Z,Major Disaster,"Severe Storms, Tornadoes, and Heavy Rains",Tornado,2005-08-18T00:00:00.000Z,2005-08-18T00:00:00.000Z,Turndown,2005-12-19T00:00:00.000Z,1,0,1,1,2005081901,2005-08-18T00:00:00.000Z,5c8d5d92-1fac-47ee-8f3f-6aa690e30cf4
5145,4,MS,Mississippi                   ,0,2005-10-12T00:00:00.000Z,Major Disaster,Hurricane Rita,Hurricane,2005-09-23T00:00:00.000Z,,Turndown,2005-11-04T00:00:00.000Z,1,0,1,1,2005091801,2005-09-23T00:00:00.000Z,21221819-ccff-4182-85b3-73bf7e437cda
5148,2,NJ,New Jersey                    ,0,2005-10-18T00:00:00.000Z,Major Disaster,Severe Storms and Flooding,Severe Storm,2005-10-07T00:00:00.000Z,2005-10-14T00:00:00.000Z,Turndown,2005-12-23T00:00:00.000Z,1,0,1,1,2005102001,2005-10-07T00:00:00.000Z,1171c076-b8cf-4fa6-942d-31971de8f174
5159,7,IA,Iowa                          ,0,2005-11-21T00:00:00.000Z,Major Disaster,Severe Storms and Tornadoes,Tornado,2005-11-12T00:00:00.000Z,2005-11-12T00:00:00.000Z,Turndown,2005-12-13T00:00:00.000Z,1,0,0,0,2005111401,2005-11-12T00:00:00.000Z,da69ac6a-5bc3-4a62-b5ef-8e1755cc998b
5160,2,NY,New York                      ,0,2005-11-23T00:00:00.000Z,Major Disaster,Severe Storms and Flooding,Severe Storm,2005-10-07T00:00:00.000Z,2005-10-17T00:00:00.000Z,Turndown,2006-02-28T00:00:00.000Z,1,0,1,1,2005102501,2005-10-07T00:00:00.000Z,84c32a8f-d386-45dd-8e9a-65d4c58734a1
5161,1,RI,Rhode Island                  ,0,2005-11-22T00:00:00.000Z,Major Disaster,Severe Storms and Flooding,Flood,2005-10-07T00:00:00.000Z,2005-10-15T00:00:00.000Z,Turndown,2006-02-03T00:00:00.000Z,1,0,0,1,2005102201,2005-10-07T00:00:00.000Z,7943325a-c142-422c-b9d9-96aef3c9b990
5162,5,IN,Indiana                       ,0,2005-12-03T00:00:00.000Z,Major Disaster,"Tornadoes, Severe Storms, and Flooding",Tornado,2005-11-15T00:00:00.000Z,2005-11-15T00:00:00.000Z,Turndown,2005-12-21T00:00:00.000Z,1,0,0,0,2005111602,2005-11-15T00:00:00.000Z,940d6b4a-cad8-465b-adef-31eb510b32d5
6073,9,CA,California                    ,0,2006-02-26T00:00:00.000Z,Emergency,Threat of Levee Failure,Other,2005-12-29T00:00:00.000Z,,Turndown,2006-05-02T00:00:00.000Z,0,0,1,0,2006030401,2005-12-29T00:00:00.000Z,9496a26d-3697-4a4d-bd5c-0451e6f3829b
6078,4,KY,Kentucky                      ,0,2006-04-07T00:00:00.000Z,Major Disaster,Severe Storms and Tornadoes,Severe Storm,2006-04-02T00:00:00.000Z,2006-04-02T00:00:00.000Z,Turndown,2006-06-01T00:00:00.000Z,1,0,0,1,2006040401,2006-04-02T00:00:00.000Z,fd989362-e1da-481e-9c52-f6f9ff1ef857
6082,7,IA,Iowa                          ,0,2006-04-19T00:00:00.000Z,Major Disaster,"Severe Storms, Tornadoes, and Straight Line Winds",Severe Storm,2006-04-13T00:00:00.000Z,2006-04-14T00:00:00.000Z,Turndown,2006-08-08T00:00:00.000Z,1,0,1,1,2006041401,2006-04-13T00:00:00.000Z,1880dae9-e204-46da-88eb-37d7af76fdba
6099,4,SC,South Carolina                ,0,2006-06-13T00:00:00.000Z,Emergency,Mill Fire,Fire,2006-06-06T00:00:00.000Z,2006-06-13T00:00:00.000Z,Turndown,2006-07-11T00:00:00.000Z,0,0,1,0,2006061401,2006-06-06T00:00:00.000Z,1c579794-78da-4e6e-9e8c-3f2e17dee7f3
6120,6,NM,New Mexico                    ,0,2006-07-14T00:00:00.000Z,Major Disaster,Flash Flood,Flood,2006-06-22T00:00:00.000Z,2006-06-22T00:00:00.000Z,Turndown,2006-08-23T00:00:00.000Z,1,0,0,1,2006063001,2006-06-22T00:00:00.000Z,cff34ca1-2665-4a58-bfdd-b1ca7460be13
6123,10,OR,Oregon                        ,0,2006-06-02T00:00:00.000Z,Major Disaster,Curtailment of the Salmon Fishing Season,Drought,2006-03-15T00:00:00.000Z,,Turndown,2006-08-14T00:00:00.000Z,0,0,0,1,2006071301,2006-03-15T00:00:00.000Z,e1ed52d6-2ec3-4902-b689-5b475aa333c7
6127,1,CT,Connecticut                   ,0,2006-07-27T00:00:00.000Z,Major Disaster,Severe Storms and Flooding,Severe Storm,2006-06-02T00:00:00.000Z,2006-06-02T00:00:00.000Z,Turndown,2006-12-21T00:00:00.000Z,0,0,1,1,2006061903,2006-06-02T00:00:00.000Z,59575517-f545-4a66-9f32-6d8e89532948
6128,5,IL,Illinois                      ,0,2006-07-26T00:00:00.000Z,Major Disaster,Severe Storms,Severe Storm,2006-07-19T00:00:00.000Z,2006-07-21T00:00:00.000Z,Turndown,2006-10-13T00:00:00.000Z,1,0,1,1,2006072503,2006-07-19T00:00:00.000Z,23031cf0-f4e3-46c3-ab23-6884c7930f3c
6150,6,TX,Texas                         ,0,2006-08-24T00:00:00.000Z,Major Disaster,Drought and Fire Hazard,Drought,2006-06-01T00:00:00.000Z,,Turndown,2006-10-03T00:00:00.000Z,1,0,1,1,2006083001,2006-06-01T00:00:00.000Z,6b17f745-2f16-4394-b409-e584532c85ab
6153,5,IL,Illinois                      ,0,2006-09-11T00:00:00.000Z,Major Disaster,Severe Storms and Flooding,Severe Storm,2006-09-04T00:00:00.000Z,2006-09-04T00:00:00.000Z,Turndown,2006-12-29T00:00:00.000Z,1,0,0,1,2006090501,2006-09-04T00:00:00.000Z,4c587ce9-52f7-4d84-8240-1872c63a59ef
6158,7,MO,Missouri                      ,0,2006-09-28T00:00:00.000Z,Major Disaster,"Severe Storms, Tornadoes, and Flooding",Severe Storm,2006-09-22T00:00:00.000Z,2006-09-24T00:00:00.000Z,Turndown,2006-11-30T00:00:00.000Z,1,0,0,1,2006092401,2006-09-22T00:00:00.000Z,81121aa7-0697-47e9-9443-b13f14b05ac9
6168,6,TX,Texas                         ,0,2006-10-31T00:00:00.000Z,Major Disaster,Severe Storms and Flooding,Severe Storm,2006-10-15T00:00:00.000Z,,Turndown,2007-01-04T00:00:00.000Z,1,0,1,1,2006103101,2006-10-15T00:00:00.000Z,7ba01223-c447-453a-baa3-f7d42f262e0c
7785,8,CO,Colorado                      ,0,2007-01-05T00:00:00.000Z,Emergency,Severe Winter Storms,Severe Storm,2006-12-18T00:00:00.000Z,2006-12-31T00:00:00.000Z,Turndown,2007-01-12T00:00:00.000Z,0,0,1,0,2007010602,2006-12-18T00:00:00.000Z,ac83c572-6277-4106-a8b7-71f09c1ce59d
7798,10,WA,Washington                    ,0,2007-02-05T00:00:00.000Z,Major Disaster,Windstorm,Severe Storm,2007-01-05T00:00:00.000Z,2007-01-07T00:00:00.000Z,Turndown,2007-03-02T00:00:00.000Z,0,0,1,1,2007013101,2007-01-05T00:00:00.000Z,679c9e88-28b1-4e55-ab69-fa6c9b07d9b2
7803,6,AR,Arkansas                      ,0,2007-02-27T00:00:00.000Z,Emergency,Severe Storms and Tornadoes,Severe Storm,2007-02-24T00:00:00.000Z,2007-02-24T00:00:00.000Z,Turndown,2007-03-08T00:00:00.000Z,0,0,0,0,2007022602,2007-02-24T00:00:00.000Z,c34d7680-38eb-41f8-9995-2e01337cfb2f
7807,10,WA,Washington                    ,0,2007-03-06T00:00:00.000Z,Emergency,Landslide,Mud/Landslide,2007-02-05T00:00:00.000Z,,Turndown,2007-06-21T00:00:00.000Z,0,0,1,0,2007021602,2007-02-05T00:00:00.000Z,f1a5a228-4a29-4139-8602-29e214b7b5d0
7819,6,TX,Texas                         ,0,2007-04-19T00:00:00.000Z,Major Disaster,TX Severe Storms & Flooding-3-29-07,Severe Storm,2007-03-29T00:00:00.000Z,2007-03-31T00:00:00.000Z,Turndown,2007-05-15T00:00:00.000Z,0,0,1,1,2007042302,2007-03-29T00:00:00.000Z,099bf769-22c3-4db9-a16b-494ebce5f20b
7841,4,FL,Florida                       ,0,2007-05-25T00:00:00.000Z,Emergency,FL Fires,Fire,2007-03-25T00:00:00.000Z,,Turndown,2007-06-27T00:00:00.000Z,0,0,1,0,2007052601,2007-03-25T00:00:00.000Z,c9ca7594-e628-449d-a7ed-2280a6270662
7844,4,GA,Georgia                       ,0,2007-06-01T00:00:00.000Z,Emergency,GA Fires,Fire,2007-03-29T00:00:00.000Z,,Turndown,2007-06-27T00:00:00.000Z,0,0,1,0,2007060201,2007-03-29T00:00:00.000Z,310b747a-fc36-4394-b0f8-a8c9b78ae00f
7848,10,AK,Alaska                        ,0,2007-06-11T00:00:00.000Z,Major Disaster,AK-Flood Watch-01-26-2007,Flood,2007-01-25T00:00:00.000Z,2007-02-04T00:00:00.000Z,Turndown,2007-07-27T00:00:00.000Z,0,0,1,1,2007012603,2007-01-25T00:00:00.000Z,0b675e82-f03e-4406-b7e2-c055c4ed51dd
7849,7,IA,Iowa                          ,0,2007-06-05T00:00:00.000Z,Major Disaster,IA- Severe Storms and Flooding,Severe Storm,2007-06-01T00:00:00.000Z,2007-06-01T00:00:00.000Z,Turndown,2007-06-22T00:00:00.000Z,1,0,1,1,2007062001,2007-06-01T00:00:00.000Z,9b938051-fa56-4bc5-86e7-9b0ba9ef0f86
7860,7,MO,Missouri                      ,0,2007-07-03T00:00:00.000Z,Major Disaster,Severe Storms and Flooding,Severe Storm,2007-06-04T00:00:00.000Z,,Turndown,2007-12-05T00:00:00.000Z,1,0,1,1,2007062602,2007-06-04T00:00:00.000Z,89690f87-736c-46b3-ad8f-fc6c676a2cee
7911,6,TX,Texas                         ,0,2007-09-20T00:00:00.000Z,Major Disaster,Hurricane Humberto,Hurricane,2007-09-13T00:00:00.000Z,2007-09-13T00:00:00.000Z,Turndown,2007-10-16T00:00:00.000Z,1,0,1,1,2007091703,2007-09-13T00:00:00.000Z,8c6e8e8f-68d4-4bed-9810-c82c4677ace6
7913,4,GA,Georgia                       ,0,2007-10-20T00:00:00.000Z,Major Disaster,Drought Conditions,Drought,2007-09-28T00:00:00.000Z,,Turndown,2008-03-03T00:00:00.000Z,0,0,1,1,2007102205,2007-09-28T00:00:00.000Z,d8a10cc3-f277-43bb-9f4e-8547d51aa6ab
7926,5,IN,Indiana                       ,0,2007-11-02T00:00:00.000Z,Major Disaster,Severe Storms and a Tornado,Severe Storm,2007-10-18T00:00:00.000Z,2007-10-18T00:00:00.000Z,Turndown,2008-01-04T00:00:00.000Z,1,0,0,1,2007101901,2007-10-18T00:00:00.000Z,cfa12bb8-d4b6-4788-a32b-db869cc4faa2
8009,4,AL,Alabama                       ,0,2008-02-08T00:00:00.000Z,Major Disaster,"Severe Storms, Tornadoes, Straight-line Winds, an ",Severe Storm,2008-02-05T00:00:00.000Z,2008-02-06T00:00:00.000Z,Turndown,2008-03-24T00:00:00.000Z,1,0,1,1,2008020601,2008-02-05T00:00:00.000Z,7050c33c-e99f-487a-87ed-3eb08ec487a1
8022,6,AR,Arkansas                      ,0,2008-02-26T00:00:00.000Z,Emergency,Ft Chaffee Fire,Fire,2008-01-29T00:00:00.000Z,2008-01-29T00:00:00.000Z,Turndown,2008-05-14T00:00:00.000Z,0,0,1,0,2008022702,2008-01-29T00:00:00.000Z,97043c34-76f8-4d7b-8a88-198699b6c24f
8046,4,SC,South Carolina                ,0,2008-03-24T00:00:00.000Z,Major Disaster,Severe Storms and Tornadoes,Tornado,2008-03-15T00:00:00.000Z,2008-03-15T00:00:00.000Z,Turndown,2008-04-01T00:00:00.000Z,1,0,0,1,2008032501,2008-03-15T00:00:00.000Z,2218b7f2-8c0d-49c5-bdd7-81b3d097a57b
8049,1,ME,Maine                         ,0,2008-03-28T00:00:00.000Z,Emergency,Record Snowfall,Snowstorm,2008-03-19T00:00:00.000Z,2008-03-22T00:00:00.000Z,Turndown,2008-05-21T00:00:00.000Z,0,0,1,0,2008032801,2008-03-19T00:00:00.000Z,4734fef5-10a8-4957-8e65-c52fe369146c
8052,5,IL,Illinois                      ,0,2008-04-08T00:00:00.000Z,Major Disaster,Severe Storms and Flooding,Flood,2008-03-17T00:00:00.000Z,,Turndown,2008-08-20T00:00:00.000Z,1,0,0,1,2008032001,2008-03-17T00:00:00.000Z,e50a95a0-068e-42df-ad61-8631a6e751f5
8055,9,CA,California                    ,0,2008-02-19T00:00:00.000Z,Emergency,Martin's Ferry Bridge,Other,2007-12-03T00:00:00.000Z,2008-06-01T00:00:00.000Z,Turndown,2008-04-30T00:00:00.000Z,0,0,1,0,2008011701,2008-01-17T00:00:00.000Z,ead53b22-eb8a-4471-afce-da26ab54e8d2
8070,7,MO,Missouri                      ,0,2008-05-15T00:00:00.000Z,Major Disaster,Severe storms and tornadoes,Severe Storm,2008-05-01T00:00:00.000Z,2008-05-03T00:00:00.000Z,Turndown,2008-06-20T00:00:00.000Z,1,0,1,1,2008050802,2008-05-01T00:00:00.000Z,d68b5579-4ffc-4196-a69d-f72e25df923b
8081,6,LA,Louisiana                     ,0,2008-06-03T00:00:00.000Z,Major Disaster,"Severe Storms, Tornadoes, and Flooding",Severe Storm,2008-05-13T00:00:00.000Z,2008-05-15T00:00:00.000Z,Turndown,2008-08-08T00:00:00.000Z,1,0,0,1,2008051901,2008-05-13T00:00:00.000Z,69d2b7c3-468c-4a3e-88d7-6a090a0ec591
8088,4,GA,Georgia                       ,0,2008-05-28T00:00:00.000Z,Major Disaster,Cherokee County Tornado,Tornado,2008-05-20T00:00:00.000Z,2008-05-20T00:00:00.000Z,Turndown,2008-07-23T00:00:00.000Z,1,0,1,1,2008061301,2008-05-20T00:00:00.000Z,747796da-2b54-4b9e-8e70-753fbd27aa0e
8113,10,OR,Oregon                        ,0,2008-05-30T00:00:00.000Z,Major Disaster,OR-Fishery Closure-06-06-2008,Fishing Losses,2008-03-15T00:00:00.000Z,,Turndown,2008-07-11T00:00:00.000Z,0,0,0,1,2008060601,2008-03-15T00:00:00.000Z,f444456f-5674-4d47-9f98-900b7fae991f
8128,9,CA,California                    ,0,2008-08-19T00:00:00.000Z,Major Disaster,Wildfires,Fire,2008-05-22T00:00:00.000Z,,Turndown,2008-10-23T00:00:00.000Z,1,0,1,1,2008062201,2008-06-20T00:00:00.000Z,23585813-e53a-4d56-876b-c108ea8ff6f6
8130,6,TX,Texas                         ,0,2008-08-22T00:00:00.000Z,Major Disaster,Severe Storms and Flooding,Severe Storm,2008-08-18T00:00:00.000Z,,Turndown,2008-10-23T00:00:00.000Z,1,0,1,1,2008082201,2008-08-18T00:00:00.000Z,ff2d34ad-9da9-4f21-bc2c-42270221e1c6
8136,4,FL,Florida                       ,0,2008-08-31T00:00:00.000Z,Emergency,Hurricane Gustav,Hurricane,2008-08-31T00:00:00.000Z,,Turndown,2008-09-22T00:00:00.000Z,0,0,1,0,2008082602,2008-08-29T00:00:00.000Z,94e81da8-30c5-438b-a040-309bce61ce4b
8150,4,AL,Alabama                       ,0,2008-09-12T00:00:00.000Z,Emergency,Hurricane Ike,Hurricane,2008-09-12T00:00:00.000Z,,Turndown,2008-09-26T00:00:00.000Z,0,0,1,0,2008090202,2008-09-14T00:00:00.000Z,08601ef4-7fbe-4448-a898-4d4512cf0f17
8152,6,TX,Texas                         ,0,2008-09-18T00:00:00.000Z,Emergency,Severe Storms and Flooding,Severe Storm,2008-09-12T00:00:00.000Z,,Turndown,2008-10-06T00:00:00.000Z,0,0,1,0,2008091803,2008-09-12T00:00:00.000Z,3696ab02-1e9c-4258-94e0-feead3f3d42b
8155,4,MS,Mississippi                   ,0,2008-09-08T00:00:00.000Z,Emergency,Hurricane Ike,Hurricane,2008-09-08T00:00:00.000Z,,Turndown,2008-09-22T00:00:00.000Z,0,0,1,0,2008090202,2008-09-14T00:00:00.000Z,ee67ad7a-0b5f-424e-afaa-7817d67f308b
8164,6,OK,Oklahoma                      ,0,2008-09-18T00:00:00.000Z,Major Disaster,OK-Severe Storms-TS Lowel 9/11/2008(2),Severe Storm,2008-09-11T00:00:00.000Z,2008-09-19T00:00:00.000Z,Turndown,2008-10-06T00:00:00.000Z,1,0,0,1,2008100201,2008-09-11T00:00:00.000Z,8299fdae-573c-4049-960d-3c06330b2161
8165,9,FM,Federated States of Micronesia,0,2008-07-31T00:00:00.000Z,Major Disaster,High Tides and Drought,Other,2008-03-11T00:00:00.000Z,,Turndown,2008-10-06T00:00:00.000Z,0,0,0,0,2008031101,2008-03-11T00:00:00.000Z,230d6a57-a3e0-4f0f-a457-759efad6fca6
8167,4,FL,Florida                       ,0,2008-10-07T00:00:00.000Z,Major Disaster,Hurricane Ike,Hurricane,2008-09-08T00:00:00.000Z,2008-09-12T00:00:00.000Z,Turndown,2008-12-18T00:00:00.000Z,0,0,1,1,2008100804,2008-09-08T00:00:00.000Z,0c1ce250-fcee-458b-b494-62e13ad76b10
8174,4,NC,North Carolina                ,0,2008-10-24T00:00:00.000Z,Major Disaster,94L Non-Tropical Low,Coastal Storm,2008-09-24T00:00:00.000Z,2008-09-28T00:00:00.000Z,Turndown,2008-11-05T00:00:00.000Z,0,0,1,0,2008092901,2008-09-25T00:00:00.000Z,14e35deb-d2c3-47db-84db-e41a8798acbf
9006,3,MD,Maryland                      ,0,2009-01-09T00:00:00.000Z,Emergency,56th Presidential Inauguration,Other,2009-01-17T00:00:00.000Z,2009-01-21T00:00:00.000Z,Turndown,2009-04-10T00:00:00.000Z,0,0,1,0,2009010801,2009-01-17T00:00:00.000Z,43b5beee-6c73-4704-b588-e1eb69964ac4
9008,3,VA,Virginia                      ,0,2009-01-13T00:00:00.000Z,Emergency,56th Presidential Inauguration,Other,2009-01-17T00:00:00.000Z,2009-01-21T00:00:00.000Z,Turndown,2009-04-10T00:00:00.000Z,0,0,1,0,2009010801,2009-01-17T00:00:00.000Z,a2a4a478-1146-42f5-8bc3-98dc464ad005
9022,6,TX,Texas                         ,0,2009-02-25T00:00:00.000Z,Emergency,Extreme Fire Hazard,Fire,2009-01-16T00:00:00.000Z,,Turndown,2009-05-06T00:00:00.000Z,0,0,1,0,2009022501,2009-01-16T00:00:00.000Z,bccfa2e0-9549-48d6-b655-de5c2544143d
9027,8,ND,North Dakota                  ,0,2009-02-19T00:00:00.000Z,Emergency,Snow,Snowstorm,2008-11-04T00:00:00.000Z,,Turndown,2009-05-20T00:00:00.000Z,0,0,1,0,2009030301,2008-11-04T00:00:00.000Z,76fc11c3-a9c8-4533-a1b2-31ac448f67ff
9056,6,TX,Texas                         ,0,2009-04-16T00:00:00.000Z,Major Disaster,Wildfires,Fire,2009-04-07T00:00:00.000Z,,Turndown,2009-05-08T00:00:00.000Z,1,0,1,1,2009041702,2009-04-07T00:00:00.000Z,04b7c4d7-ac10-449e-87e9-ecee70036d13
9076,6,OK,Oklahoma                      ,0,2009-05-21T00:00:00.000Z,Major Disaster,"Severe Storms, Tornadoes, and Flooding",Severe Storm,2009-04-25T00:00:00.000Z,2009-05-16T00:00:00.000Z,Turndown,2009-09-02T00:00:00.000Z,0,0,1,1,2009052601,2009-04-25T00:00:00.000Z,42c0fa55-504b-43e8-b3a7-a61ea9ff7a75
9082,3,PA,Pennsylvania                  ,0,2009-06-29T00:00:00.000Z,Major Disaster,Severe Storms and Flooding,Flood,2009-05-28T00:00:00.000Z,,Turndown,2009-09-03T00:00:00.000Z,1,0,0,1,2009062601,2009-05-28T00:00:00.000Z,a8e7b272-23d2-47ae-b554-09db8cef2d9a
9085,9,CA,California                    ,0,2009-06-19T00:00:00.000Z,Major Disaster,Drought,Drought,2009-04-14T00:00:00.000Z,,Turndown,2009-10-19T00:00:00.000Z,0,0,0,0,2009071001,2009-06-19T00:00:00.000Z,2b642267-8962-4a40-a201-a4745b56f857
9095,6,TX,Texas                         ,0,2009-08-18T00:00:00.000Z,Emergency,Extreme Fire Hazard,Fire,2009-07-15T00:00:00.000Z,,Turndown,2009-09-16T00:00:00.000Z,0,0,1,0,2009082501,2009-07-15T00:00:00.000Z,652bee29-556b-47a3-b9f3-f0b243b130b3
9109,5,IN,Indiana                       ,0,2009-09-09T00:00:00.000Z,Major Disaster,Severe Storms and Flooding,Severe Storm,2009-08-04T00:00:00.000Z,2009-08-09T00:00:00.000Z,Turndown,2009-11-03T00:00:00.000Z,1,0,1,1,2009082401,2009-08-04T00:00:00.000Z,51e0a43b-2870-42b1-a64e-300cbc8a3e7a
9117,9,AZ,Arizona                       ,0,2008-10-06T00:00:00.000Z,Major Disaster,AZ-Havasupai Flood-08-17-2008,Flood,2008-08-17T00:00:00.000Z,,Turndown,2009-12-04T00:00:00.000Z,0,0,1,1,2008102201,2008-08-17T00:00:00.000Z,7f0e1630-bf5e-47b1-b775-60a42fff7347
10007,4,AL,Alabama                       ,0,2010-02-01T00:00:00.000Z,Major Disaster,Subfreezing Temperatures,Freezing,2010-01-07T00:00:00.000Z,2010-01-12T00:00:00.000Z,Turndown,2010-04-28T00:00:00.000Z,0,0,1,1,2010020101,2010-01-07T00:00:00.000Z,77cdec16-4991-424c-907b-0a36a9937354
10009,2,NY,New York                      ,0,2010-02-02T00:00:00.000Z,Major Disaster,Snowstorm,Snowstorm,2009-12-18T00:00:00.000Z,2009-12-20T00:00:00.000Z,Turndown,2010-05-10T00:00:00.000Z,0,0,1,1,2010011901,2009-12-19T00:00:00.000Z,5a5e3800-fc06-4977-b562-3a9ea7a9d0ff
10034,4,FL,Florida                       ,0,2010-03-18T00:00:00.000Z,Major Disaster,Subfreezing Temperatures,Freezing,2010-01-02T00:00:00.000Z,2010-02-01T00:00:00.000Z,Turndown,2010-04-16T00:00:00.000Z,1,0,0,0,2010032201,2010-01-02T00:00:00.000Z,3d277e19-028e-46e3-ba8c-4228554723c6
10056,6,LA,Louisiana                     ,0,2010-05-07T00:00:00.000Z,Major Disaster,Tornado ,Severe Storm,2010-04-24T00:00:00.000Z,2010-04-24T00:00:00.000Z,Turndown,2010-07-23T00:00:00.000Z,1,0,1,1,2010050401,2010-04-24T00:00:00.000Z,aca64e99-63c7-48bb-a063-f95fb0b7fd2d
10057,6,AR,Arkansas                      ,0,2010-05-10T00:00:00.000Z,Major Disaster,"Severe Storms, Tornadoes, and Flooding",Severe Storm,2010-04-30T00:00:00.000Z,,Turndown,2010-05-20T00:00:00.000Z,1,0,0,1,2010050402,2010-04-30T00:00:00.000Z,79e6296d-571d-489b-a517-bee91947f1c0
10063,5,OH,Ohio                          ,0,2010-06-09T00:00:00.000Z,Major Disaster,OH-Tornado-06062010,Tornado,2010-06-05T00:00:00.000Z,2010-06-06T00:00:00.000Z,Turndown,2010-07-30T00:00:00.000Z,1,0,1,1,2010060601,2010-06-06T00:00:00.000Z,91a82a9b-abf5-45cc-ba8a-b103d787b0e3
10065,5,IL,Illinois                      ,0,2010-06-18T00:00:00.000Z,Major Disaster,Severe Storms and Tornadoes,Tornado,2010-06-05T00:00:00.000Z,2010-06-05T00:00:00.000Z,Turndown,2010-06-29T00:00:00.000Z,1,0,0,1,2010060602,2010-06-05T00:00:00.000Z,475335c0-9416-4a3c-adfc-e1ad78fc7ce1
10077,6,OK,Oklahoma                      ,0,2010-07-19T00:00:00.000Z,Major Disaster,"Tornadoes, Severe Storms, and Flooding",Severe Storm,2010-07-06T00:00:00.000Z,2010-07-12T00:00:00.000Z,Turndown,2010-07-28T00:00:00.000Z,1,0,0,1,2010070901,2010-07-06T00:00:00.000Z,bb5b8c1b-9024-44bc-a9bf-ca755978e2c3
10098,1,RI,Rhode Island                  ,0,2010-09-02T00:00:00.000Z,Emergency,Hurricane Earl,Hurricane,2010-08-30T00:00:00.000Z,,Turndown,2010-11-03T00:00:00.000Z,0,0,1,0,2010083102,2010-09-01T00:00:00.000Z,7de1bc91-fd89-4ed8-8cae-1a167e86764e
10100,1,CT,Connecticut                   ,0,2010-08-20T00:00:00.000Z,Major Disaster,Severe Storm and Tornado,Tornado,2010-06-24T00:00:00.000Z,2010-06-24T00:00:00.000Z,Turndown,2010-10-08T00:00:00.000Z,1,0,1,1,2010062801,2010-06-24T00:00:00.000Z,07c7976a-7994-4887-a9bc-66f1311f7027
10110,6,TX,Texas                         ,0,2010-09-20T00:00:00.000Z,Major Disaster,Trop Storm Hermine ,Other,2010-09-06T00:00:00.000Z,2010-09-10T00:00:00.000Z,Turndown,2010-11-05T00:00:00.000Z,1,0,1,1,2010090701,2010-09-06T00:00:00.000Z,3e974f36-5ec5-4609-b97d-b1f6145b3458
10111,9,CA,California                    ,0,2010-09-15T00:00:00.000Z,Major Disaster,Explosions and Fires,Fire,2010-09-09T00:00:00.000Z,2010-09-11T00:00:00.000Z,Turndown,2010-10-28T00:00:00.000Z,1,0,1,1,2010091001,2010-09-09T00:00:00.000Z,1ae5a5b3-95a2-4cca-9646-c8297d7147ef
11001,7,MO,Missouri                      ,0,2011-01-14T00:00:00.000Z,Major Disaster,Severe Storms and Tornadoes,Severe Storm,2010-12-30T00:00:00.000Z,2010-12-31T00:00:00.000Z,Turndown,2011-01-26T00:00:00.000Z,1,0,0,1,2011010101,2010-12-30T00:00:00.000Z,f43a24b4-0d65-4844-bfd4-aa75d427ec6b
11009,10,WA,Washington                    ,0,2011-02-14T00:00:00.000Z,Major Disaster,"Severe Winter Storm, Flooding, Landslides, and Mud",Severe Storm,2010-12-08T00:00:00.000Z,2010-12-18T00:00:00.000Z,Turndown,2011-05-17T00:00:00.000Z,0,0,1,1,2011010401,2010-12-08T00:00:00.000Z,cabc4890-d606-4e7c-9c60-9f6bb0919151
11024,5,IN,Indiana                       ,0,2011-03-14T00:00:00.000Z,Major Disaster,Severe Winter Storm,Severe Storm,2011-01-31T00:00:00.000Z,2011-02-04T00:00:00.000Z,Turndown,2011-04-20T00:00:00.000Z,0,0,1,1,2011020101,2011-01-31T00:00:00.000Z,022b63f0-046e-45f2-bb43-75c58e202c8d
11030,6,LA,Louisiana                     ,0,2011-03-18T00:00:00.000Z,Major Disaster,Tornado,Tornado,2011-03-05T00:00:00.000Z,2011-03-05T00:00:00.000Z,Turndown,2011-05-10T00:00:00.000Z,1,0,1,1,2011031501,2011-03-05T00:00:00.000Z,901fbd58-e029-4253-aa01-690ab77ff325
11041,4,MS,Mississippi                   ,0,2011-03-31T00:00:00.000Z,Major Disaster,Severe Storms and Flooding,Severe Storm,2011-03-08T00:00:00.000Z,2011-03-09T00:00:00.000Z,Turndown,2011-04-08T00:00:00.000Z,1,0,0,0,2011031001,2011-03-08T00:00:00.000Z,c8bcb0c8-c2aa-432c-8814-51f5e0dec8ae
11050,2,NJ,New Jersey                    ,0,2011-03-31T00:00:00.000Z,Major Disaster,Severe Storms and Flooding,Severe Storm,2011-03-10T00:00:00.000Z,2011-03-17T00:00:00.000Z,Turndown,2011-05-31T00:00:00.000Z,1,0,1,1,2011031002,2011-03-10T00:00:00.000Z,58aabffb-c60e-4392-aedf-852fde13106c
11068,4,AL,Alabama                       ,0,2011-04-19T00:00:00.000Z,Major Disaster,"Severe Storms, Tornadoes, and Flooding",Severe Storm,2011-04-15T00:00:00.000Z,2011-04-16T00:00:00.000Z,Turndown,2011-04-22T00:00:00.000Z,1,0,0,1,2011041701,2011-04-15T00:00:00.000Z,9d23dec9-2e57-4fe1-9310-e26af1708dc0
11073,10,WA,Washington                    ,0,2011-03-25T00:00:00.000Z,Major Disaster,WA-White Swan Fire 02-12-2011,Fire,2011-02-12T00:00:00.000Z,2011-02-13T00:00:00.000Z,Turndown,2011-07-01T00:00:00.000Z,1,0,1,1,2011022502,2011-02-12T00:00:00.000Z,0cbc2ec4-743b-4f44-9009-845dd1c2ab43
11075,3,VA,Virginia                      ,0,2011-04-18T00:00:00.000Z,Major Disaster,"Severe Storms, Tornadoes, and  Flooding",Severe Storm,2011-04-08T00:00:00.000Z,2011-04-08T00:00:00.000Z,Turndown,2011-06-23T00:00:00.000Z,1,0,0,1,2011041103,2011-04-08T00:00:00.000Z,42b31cb6-820a-4995-b383-c59d49276aff
11111,9,CA,California                    ,0,2011-04-22T00:00:00.000Z,Major Disaster,"Severe Storms, Flooding, and Debris and Mud Flows",Severe Storm,2011-03-15T00:00:00.000Z,2011-03-27T00:00:00.000Z,Turndown,2011-08-04T00:00:00.000Z,0,0,1,1,2011052401,2011-03-15T00:00:00.000Z,36546d44-15ab-4fae-bc8a-790f01d8f35b
11164,2,NY,New York                      ,0,2011-07-13T00:00:00.000Z,Major Disaster,Severe Storms and Flooding,Severe Storm,2011-05-13T00:00:00.000Z,2011-05-31T00:00:00.000Z,Turndown,2011-11-23T00:00:00.000Z,0,0,1,1,2011071501,2011-05-09T00:00:00.000Z,1482494a-bc82-4018-8f9d-1aae2c2bf32f
11205,5,IL,Illinois                      ,0,2011-08-26T00:00:00.000Z,Major Disaster,Severe Storms and Flooding,Severe Storm,2011-07-27T00:00:00.000Z,2011-07-28T00:00:00.000Z,Turndown,2011-09-09T00:00:00.000Z,0,0,1,1,2011083103,2011-07-27T00:00:00.000Z,2547def6-8297-4abe-8ed9-b5601a1ba9d3
11232,3,MD,Maryland                      ,0,2011-09-08T00:00:00.000Z,Emergency,Remnants of Tropical Storm Lee,Severe Storm,2011-09-03T00:00:00.000Z,,Turndown,2011-11-10T00:00:00.000Z,0,0,1,0,2011090802,2011-09-08T00:00:00.000Z,e63f4a61-c268-46b5-9021-0480bfda6df2
11245,7,NE,Nebraska                      ,0,2011-09-15T00:00:00.000Z,Major Disaster,Severe Storms and Flooding,Severe Storm,2011-08-18T00:00:00.000Z,2011-08-22T00:00:00.000Z,Turndown,2011-11-09T00:00:00.000Z,0,0,1,1,2011091505,2011-08-18T00:00:00.000Z,de83d2de-a571-4d2d-a2ba-0a7fde3a7e83
11253,3,VA,Virginia                      ,0,2011-10-08T00:00:00.000Z,Major Disaster,Remnants of Tropical Storm Lee,Severe Storm,2011-09-08T00:00:00.000Z,2011-09-09T00:00:00.000Z,Turndown,2011-11-04T00:00:00.000Z,1,0,1,1,2011090802,2011-09-08T00:00:00.000Z,c850410a-458c-41e6-9c22-ee8b33e7a94b
11264,6,OK,Oklahoma                      ,0,2011-11-21T00:00:00.000Z,Major Disaster,Earthquakes,Earthquake,2011-11-05T00:00:00.000Z,,Turndown,2011-11-30T00:00:00.000Z,1,0,0,1,2011112201,2011-11-05T00:00:00.000Z,aa67da77-3f8b-4349-9d0c-2cd3e01ce069
12008,7,MO,Missouri                      ,0,2012-03-07T00:00:00.000Z,Major Disaster,"Severe Storms, Straight-line Winds, and Tornadoes",Severe Storm,2012-02-28T00:00:00.000Z,2012-03-01T00:00:00.000Z,Turndown,2012-03-12T00:00:00.000Z,1,0,0,1,2012022902,2012-02-28T00:00:00.000Z,93b50484-38a4-45f3-bf82-b85e78952055
12010,5,IL,Illinois                      ,0,2012-03-07T00:00:00.000Z,Major Disaster,Severe Storms and Tornadoes,Tornado,2012-02-29T00:00:00.000Z,2012-03-02T00:00:00.000Z,Turndown,2012-03-21T00:00:00.000Z,1,0,0,1,2012030601,2012-02-29T00:00:00.000Z,6bff2e5c-7cc8-4fe4-b046-e623bc7a6fd8
12011,5,OH,Ohio                          ,0,2012-03-07T00:00:00.000Z,Major Disaster,Severe Storms and Tornado,Severe Storm,2012-03-02T00:00:00.000Z,2012-03-02T00:00:00.000Z,Turndown,2012-03-09T00:00:00.000Z,1,0,0,1,2012030602,2012-03-02T00:00:00.000Z,b6e7fecb-085a-4220-b676-20e1d8862bb9
12018,6,OK,Oklahoma                      ,0,2012-04-18T00:00:00.000Z,Major Disaster,"Severe Storms, Tornadoes, and Straight-line Winds",Severe Storm,2012-04-13T00:00:00.000Z,,Turndown,2012-04-20T00:00:00.000Z,1,0,0,1,2012041601,2012-04-13T00:00:00.000Z,daa276ff-8959-4075-bb35-f87182679f2d
12019,6,LA,Louisiana                     ,0,2012-04-26T00:00:00.000Z,Major Disaster,Severe Storms and Flooding,Severe Storm,2012-03-11T00:00:00.000Z,2012-03-12T00:00:00.000Z,Turndown,2012-05-08T00:00:00.000Z,1,0,1,1,2012041201,2012-03-11T00:00:00.000Z,4c76ee89-397e-4511-ac7b-456eebdf1502
12021,6,LA,Louisiana                     ,0,2012-05-01T00:00:00.000Z,Major Disaster,"Severe Storms, Tornadoes, and Flooding",Severe Storm,2012-03-20T00:00:00.000Z,2012-03-22T00:00:00.000Z,Turndown,2012-05-08T00:00:00.000Z,1,0,1,1,2012041202,2012-03-20T00:00:00.000Z,12fd5ede-285f-40d9-8a9b-52a712b0371e
12025,5,MI,Michigan                      ,0,2012-06-01T00:00:00.000Z,Major Disaster,MI - Severe Storms and Flooding,Flood,2012-05-03T00:00:00.000Z,2012-05-05T00:00:00.000Z,Turndown,2012-06-08T00:00:00.000Z,1,0,0,1,2012051801,2012-05-03T00:00:00.000Z,3a36913a-dbf5-4866-907f-d859ed069e62
12044,4,FL,Florida                       ,0,2012-06-30T00:00:00.000Z,Major Disaster,Severe Storms and Flooding,Severe Storm,2012-06-09T00:00:00.000Z,2012-06-11T00:00:00.000Z,Turndown,2012-08-13T00:00:00.000Z,1,0,0,1,2012070101,2012-06-09T00:00:00.000Z,f739fa91-ea30-4b06-bfcd-b14300e1fd1f
12079,7,NE,Nebraska                      ,0,2012-08-28T00:00:00.000Z,Major Disaster,Region 24 Fire Complex ,Fire,2012-07-20T00:00:00.000Z,2012-07-29T00:00:00.000Z,Turndown,2012-11-09T00:00:00.000Z,0,0,1,1,2012080202,2012-07-20T00:00:00.000Z,42faa7ae-45e8-4aa4-bf5b-6d727ecef2f1
12097,6,OK,Oklahoma                      ,0,2012-09-27T00:00:00.000Z,Major Disaster,Wildfires,Fire,2012-07-28T00:00:00.000Z,2012-08-14T00:00:00.000Z,Turndown,2012-10-15T00:00:00.000Z,0,0,1,1,2012080602,2012-07-28T00:00:00.000Z,be61fcbd-b82f-4a78-be91-a7a62d92ac92
12118,4,FL,Florida                       ,0,2012-11-01T00:00:00.000Z,Major Disaster,Hurricane Sandy,Hurricane,2012-10-24T00:00:00.000Z,,Turndown,2013-01-17T00:00:00.000Z,0,0,1,1,2012102505,2012-10-27T00:00:00.000Z,8c79ec35-0df3-43c4-8003-9b7ebacf9a0f
13016,6,TX,Texas                         ,0,2013-04-22T00:00:00.000Z,Major Disaster,Explosion,Other,2013-04-17T00:00:00.000Z,2013-04-23T00:00:00.000Z,Turndown,2013-06-10T00:00:00.000Z,1,0,1,1,2013041901,2013-04-17T00:00:00.000Z,7ec30cb2-2eaf-4c34-b13a-54fe7157e213
13057,9,AZ,Arizona                       ,0,2013-07-12T00:00:00.000Z,Major Disaster,Yarnell Hill Fire,Fire,2013-06-28T00:00:00.000Z,,Turndown,2013-09-13T00:00:00.000Z,1,0,0,1,2013063001,2013-06-30T00:00:00.000Z,7e7a4e1d-971d-4564-a6b3-b6e6aaf2e875
13061,9,AZ,Arizona                       ,1,2013-05-03T00:00:00.000Z,Major Disaster,San Carlos Apache Tribe Power Outage,Other,2013-05-02T00:00:00.000Z,2013-05-04T00:00:00.000Z,Turndown,2013-08-05T00:00:00.000Z,0,0,1,1,2013062101,2013-05-02T00:00:00.000Z,0f014ec1-e1cd-41db-a1f2-c8282276552c
13089,8,SD,South Dakota                  ,1,2013-09-10T00:00:00.000Z,Major Disaster,SD - Severe Storms ,Severe Storm,2013-07-30T00:00:00.000Z,2013-07-31T00:00:00.000Z,Turndown,2013-12-12T00:00:00.000Z,0,0,0,0,2013081601,2013-07-30T00:00:00.000Z,6d8dac90-bbbd-422b-87d3-7859fbdd7b26
13093,9,AZ,Arizona                       ,0,2013-10-10T00:00:00.000Z,Major Disaster,Flooding,Flood,2013-09-13T00:00:00.000Z,2013-09-17T00:00:00.000Z,Turndown,2013-11-01T00:00:00.000Z,0,0,1,1,2013102403,2013-09-13T00:00:00.000Z,0422622e-ba0b-4e91-a721-7597b3c8ab5d
13099,5,IN,Indiana                       ,0,2013-12-04T00:00:00.000Z,Major Disaster,"Severe Storms, Straight-line Winds, and Tornadoes",Severe Storm,2013-11-17T00:00:00.000Z,2013-11-17T00:00:00.000Z,Turndown,2014-01-07T00:00:00.000Z,1,0,0,1,2013111702,2013-11-17T00:00:00.000Z,cf1c70b8-d88d-4c81-b209-5f92ebd518e7
14007,6,TX,Texas                         ,0,2014-01-17T00:00:00.000Z,Major Disaster,Severe Winter Storm,Severe Storm,2013-12-05T00:00:00.000Z,2013-12-09T00:00:00.000Z,Turndown,2014-04-15T00:00:00.000Z,0,0,1,1,2014012202,2013-12-05T00:00:00.000Z,27ba9358-3c66-4f1f-9576-e963025d94bd
14012,1,CT,Connecticut                   ,0,2014-02-14T00:00:00.000Z,Emergency,Region 1  2-13-2014 Severe Winter Storm ,Severe Storm,2014-02-13T00:00:00.000Z,2014-02-17T00:00:00.000Z,Turndown,2014-02-17T00:00:00.000Z,0,0,1,0,2014021501,2014-02-13T00:00:00.000Z,26c94112-e99c-4532-9c9e-dbfaf68d2b83
14017,1,ME,Maine                         ,0,2014-02-21T00:00:00.000Z,Major Disaster,Severe Winter Storms,Severe Ice Storm,2013-12-20T00:00:00.000Z,2014-01-01T00:00:00.000Z,Turndown,2014-03-12T00:00:00.000Z,0,0,1,1,2013122601,2013-12-20T00:00:00.000Z,3ddee3a9-f179-4426-a604-e90a6bc9a5f4
14018,3,WV,West Virginia                 ,0,2014-03-21T00:00:00.000Z,Major Disaster,Chemical Spill,Chemical,2014-01-09T00:00:00.000Z,2014-01-20T00:00:00.000Z,Turndown,2014-05-20T00:00:00.000Z,0,0,1,1,2014011002,2014-01-09T00:00:00.000Z,739fa0cf-4ccf-45dd-b026-d0c34d2fd933
14031,4,NC,North Carolina                ,0,2014-05-02T00:00:00.000Z,Major Disaster,"Severe Storms, Tornadoes, Straight-line Winds, and",Severe Storm,2014-04-25T00:00:00.000Z,2014-04-26T00:00:00.000Z,Turndown,2014-05-09T00:00:00.000Z,1,0,0,1,2014042501,2014-04-28T00:00:00.000Z,c963a1bc-3e06-4dc9-a1a6-16ba2d008904
14037,1,NH,New Hampshire                 ,0,2014-05-21T00:00:00.000Z,Major Disaster,Severe Storms and Flooding,Flood,2014-04-15T00:00:00.000Z,2014-04-16T00:00:00.000Z,Turndown,2014-07-17T00:00:00.000Z,0,0,1,1,2014041501,2014-04-15T00:00:00.000Z,ea6ade59-8450-45ec-97fa-12a2c64c4464
14047,8,SD,South Dakota                  ,0,2014-07-02T00:00:00.000Z,Major Disaster,"Severe Storms, Tornadoes, and Flooding",Flood,2014-06-13T00:00:00.000Z,2014-06-20T00:00:00.000Z,Turndown,2014-07-10T00:00:00.000Z,1,0,0,1,2014061801,2014-06-13T00:00:00.000Z,f25ae15d-4f86-423d-9a48-8e4eb10001fe
14056,5,WI,Wisconsin                     ,0,2014-07-23T00:00:00.000Z,Major Disaster,Extreme Cold and Deep Freeze,Freezing,2014-01-01T00:00:00.000Z,2014-04-07T00:00:00.000Z,Turndown,2014-09-04T00:00:00.000Z,0,0,1,1,2014072202,2014-01-01T00:00:00.000Z,d038c9d8-4c81-4884-a04f-5cd16fa6ce89
14075,9,HI,Hawaii                        ,0,2014-08-21T00:00:00.000Z,Major Disaster,Tropical Storm Iselle,Hurricane,2014-08-07T00:00:00.000Z,2014-08-09T00:00:00.000Z,Turndown,2014-10-16T00:00:00.000Z,1,0,1,1,2014080402,2014-08-07T00:00:00.000Z,3abf896c-edd9-4c2a-b5f1-bfe72f2db957
14085,1,VT,Vermont                       ,0,2014-09-04T00:00:00.000Z,Major Disaster,Region I 7-28-2014 Severe Storms and Flooding,Flood,2014-07-28T00:00:00.000Z,2014-07-28T00:00:00.000Z,Turndown,2014-09-23T00:00:00.000Z,0,0,1,1,2014080401,2014-07-28T00:00:00.000Z,352e4257-c1a7-4ffd-87f0-6b5ae5f506f6
14090,8,ND,North Dakota                  ,0,2014-10-08T00:00:00.000Z,Major Disaster,Severe Storms and Flooding,Flood,2014-08-15T00:00:00.000Z,2014-08-25T00:00:00.000Z,Turndown,2014-11-26T00:00:00.000Z,0,0,1,0,2014090904,2014-08-15T00:00:00.000Z,88ea8184-c7dd-44a4-8cef-938c17a802f3
14094,8,UT,Utah                          ,0,2014-10-22T00:00:00.000Z,Major Disaster,Severe Storms and Flooding,Flood,2014-09-27T00:00:00.000Z,2014-09-27T00:00:00.000Z,Turndown,2014-11-03T00:00:00.000Z,1,0,0,1,2014102701,2014-09-27T00:00:00.000Z,ef7b5d53-1609-4597-ab92-0c3cd55c04d3
15008,6,OK,Oklahoma                      ,0,2015-04-01T00:00:00.000Z,Major Disaster,OK - Tornadoes - Severe Storms - Straight-line Win,Tornado,2015-03-25T00:00:00.000Z,2015-03-26T00:00:00.000Z,Turndown,2015-04-03T00:00:00.000Z,1,0,0,1,2015040101,2015-03-25T00:00:00.000Z,05c6eca0-702d-4e4e-bad0-e318cc106506
15020,3,MD,Maryland                      ,0,2015-05-22T00:00:00.000Z,Major Disaster,R3_Baltimore_City_Unrest,Civil Unrest,2015-04-25T00:00:00.000Z,2015-05-01T00:00:00.000Z,Turndown,2015-07-29T00:00:00.000Z,0,0,1,0,2015052801,2015-04-27T00:00:00.000Z,b5cca9e0-1941-41f8-8bf2-53704986e930
15023,8,SD,South Dakota                  ,0,2015-05-27T00:00:00.000Z,Major Disaster,SD Severe Storm and Tornado,Tornado,2015-05-10T00:00:00.000Z,2015-05-10T00:00:00.000Z,Turndown,2015-06-03T00:00:00.000Z,1,0,0,1,2015051301,2015-05-10T00:00:00.000Z,5b4a853d-e594-46a2-80a3-41a7cf265d12
15028,7,IA,Iowa                          ,0,2015-06-17T00:00:00.000Z,Major Disaster,Iowa Highly Pathogenic Avian Influenza (HPAI) 2015,Other,2015-04-13T00:00:00.000Z,,Turndown,2015-07-07T00:00:00.000Z,0,0,0,1,2015061804,2015-04-13T00:00:00.000Z,686c21ee-f72f-4936-b51d-81a9fa31baa4
15060,10,AK,Alaska                        ,0,2015-07-24T00:00:00.000Z,Major Disaster,Wildfires,Fire,2015-06-14T00:00:00.000Z,,Turndown,2015-08-19T00:00:00.000Z,1,0,1,1,2015081702,2015-06-14T00:00:00.000Z,d4f3595f-ea5e-4d30-980a-968d46b5a21a
15069,4,FL,Florida                       ,0,2015-08-26T00:00:00.000Z,Major Disaster,Severe Storms and Flooding,Flood,2015-08-01T00:00:00.000Z,2015-08-09T00:00:00.000Z,Turndown,2015-09-23T00:00:00.000Z,1,0,0,1,2015081001,2015-08-01T00:00:00.000Z,ee1f0ef4-218e-4b41-bf46-d0b27306b26f
15071,5,IN,Indiana                       ,0,2015-08-31T00:00:00.000Z,Major Disaster,Indiana_Flooding_06182015,Flood,2015-06-07T00:00:00.000Z,2015-07-29T00:00:00.000Z,Turndown,2015-10-20T00:00:00.000Z,0,0,1,1,2015061802,2015-06-18T00:00:00.000Z,a84e3f50-acbb-401f-8597-2ab5cc40ac73
15084,9,AZ,Arizona                       ,1,2015-10-02T00:00:00.000Z,Emergency,Chemical Spill,Chemical,2015-08-05T00:00:00.000Z,,Turndown,2015-10-20T00:00:00.000Z,0,0,1,0,2015102001,2015-09-03T00:00:00.000Z,dcf67f01-8697-4141-8ca0-64d9a262cc55
15086,4,NC,North Carolina                ,0,2015-10-29T00:00:00.000Z,Major Disaster,Severe Storms and Flooding,Severe Storm,2015-10-01T00:00:00.000Z,2015-10-23T00:00:00.000Z,Turndown,2015-12-08T00:00:00.000Z,0,0,1,1,2015093001,2015-09-25T00:00:00.000Z,d295629a-6c42-4943-819d-f62ee6693107
15087,2,NJ,New Jersey                    ,0,2015-10-29T00:00:00.000Z,Major Disaster,NJ Severe Coastal Storm,Coastal Storm,2015-10-01T00:00:00.000Z,2015-10-04T00:00:00.000Z,Turndown,2015-11-10T00:00:00.000Z,0,0,1,1,2015101601,2015-10-01T00:00:00.000Z,1f548e3f-28c3-47a8-a050-02e7c3e3b35c
15088,10,WA,Washington                    ,1,2015-11-03T00:00:00.000Z,Major Disaster,WA-Colville Indian Reservation-08/13/2015,Fire,2015-08-13T00:00:00.000Z,2015-09-10T00:00:00.000Z,Turndown,2015-11-23T00:00:00.000Z,1,0,0,0,2015110501,2015-08-13T00:00:00.000Z,874693ca-6558-49ec-998d-09040f35bb4a
16006,5,MI,Michigan                      ,0,2016-01-14T00:00:00.000Z,Major Disaster,Contaminated Water,Toxic Substances,2014-04-25T00:00:00.000Z,,Turndown,2016-01-22T00:00:00.000Z,1,0,1,1,2016010601,2014-04-25T00:00:00.000Z,bb338dd8-9c55-465f-8795-4080a90ec833
16019,6,NM,New Mexico                    ,0,2016-02-16T00:00:00.000Z,Major Disaster,Severe Winter Storm and Snowstorm,Severe Storm,2015-12-26T00:00:00.000Z,2015-12-27T00:00:00.000Z,Turndown,2016-05-10T00:00:00.000Z,0,0,1,1,2016021701,2015-12-26T00:00:00.000Z,9b8276e3-e113-4032-87b5-0ba4e9d4f025
16025,5,IL,Illinois                      ,0,2016-02-26T00:00:00.000Z,Major Disaster,IL_Flooding_01012016,Flood,2015-12-23T00:00:00.000Z,2016-01-13T00:00:00.000Z,Turndown,2016-04-22T00:00:00.000Z,1,0,1,1,2016010101,2016-01-01T00:00:00.000Z,4b8bbd6d-37ac-497d-a8e8-4c1e95bd2fbe
16026,4,FL,Florida                       ,0,2016-02-29T00:00:00.000Z,Emergency,"Severe Storms, Tornadoes, and Straight-line Winds",Severe Storm,2016-02-15T00:00:00.000Z,2016-02-24T00:00:00.000Z,Turndown,2016-03-15T00:00:00.000Z,1,0,1,0,2016021901,2016-02-15T00:00:00.000Z,b25b50b3-e3e2-449d-8235-a085d4c45ea2
16027,6,LA,Louisiana                     ,0,2016-03-02T00:00:00.000Z,Major Disaster,LA - Flooding December 28 2015 - February 1 2016,Flood,2015-12-28T00:00:00.000Z,2016-02-01T00:00:00.000Z,Turndown,2016-06-15T00:00:00.000Z,0,0,1,1,2016030301,2015-12-28T00:00:00.000Z,4e6b7bf7-015d-484c-84f9-c38c104adc65
16029,4,FL,Florida                       ,0,2016-03-16T00:00:00.000Z,Major Disaster,"Severe Storms, Tornadoes, and Straight-line Winds",Severe Storm,2016-02-15T00:00:00.000Z,2016-02-24T00:00:00.000Z,Turndown,2016-03-25T00:00:00.000Z,1,0,0,1,2016021901,2016-02-15T00:00:00.000Z,fc4c433f-0748-4bce-a159-8f3bdc579e8c
16032,6,LA,Louisiana                     ,0,2016-03-18T00:00:00.000Z,Major Disaster,LA - Severe Storms and Tornadoes - February 2016,Severe Storm,2016-02-23T00:00:00.000Z,2016-02-23T00:00:00.000Z,Turndown,2016-04-29T00:00:00.000Z,1,0,1,1,2016031901,2016-02-23T00:00:00.000Z,2de051e7-5d5e-4104-accb-b9e787f04093
16035,3,VA,Virginia                      ,0,2016-03-25T00:00:00.000Z,Major Disaster,Severe Storm and Tornadoes,Tornado,2016-02-24T00:00:00.000Z,2016-02-24T00:00:00.000Z,Turndown,2016-05-19T00:00:00.000Z,1,0,0,1,2016030101,2016-02-24T00:00:00.000Z,e5c157f8-38e2-49f6-805c-8dae45ffdcac
16041,4,MS,Mississippi                   ,0,2016-05-13T00:00:00.000Z,Major Disaster,Severe Storms and Flooding,Flood,2016-04-28T00:00:00.000Z,2016-05-02T00:00:00.000Z,Turndown,2016-05-27T00:00:00.000Z,1,0,0,1,2016050601,2016-04-28T00:00:00.000Z,c4529c4e-82e5-4e8c-b63b-e2931dd0ab16
16043,9,CA,California                    ,1,2016-04-26T00:00:00.000Z,Major Disaster,Severe Winter Storm & Flooding,Severe Storm,2016-04-11T00:00:00.000Z,2016-05-10T00:00:00.000Z,Turndown,2016-05-25T00:00:00.000Z,0,0,1,0,2016052701,2016-04-11T00:00:00.000Z,7170b415-d963-4eba-b65e-5d9a2b8f77ea
16048,4,FL,Florida                       ,0,2016-06-13T00:00:00.000Z,Emergency,Orlando Terrorist Attack,Terrorist,2016-06-12T00:00:00.000Z,,Turndown,2016-06-20T00:00:00.000Z,0,0,1,0,2016061201,2016-06-12T00:00:00.000Z,07aa5595-0c4e-4445-aaa3-5ff1d5fbd9f5
16055,6,OK,Oklahoma                      ,0,2016-06-29T00:00:00.000Z,Major Disaster,Severe Storms and Flooding,Flood,2016-06-11T00:00:00.000Z,,Turndown,2016-07-07T00:00:00.000Z,1,0,0,1,2016063001,2016-06-11T00:00:00.000Z,7986ca34-81fa-4e59-9a39-676fddbf14a0
16056,4,FL,Florida                       ,0,2016-07-06T00:00:00.000Z,Emergency,Toxic Algae Blooms,Biological,2016-06-29T00:00:00.000Z,,Turndown,2016-08-25T00:00:00.000Z,0,0,1,0,2016070802,2016-07-07T00:00:00.000Z,a69f0795-54bf-4c41-8a11-4b899616157d
16061,9,CA,California                    ,0,2016-07-14T00:00:00.000Z,Major Disaster,Erskine Fire,Fire,2016-06-23T00:00:00.000Z,2016-07-06T00:00:00.000Z,Turndown,2016-07-22T00:00:00.000Z,1,0,0,1,2016062401,2016-06-23T00:00:00.000Z,0ae028bd-777f-4e58-97ed-a3bf8fe4cbca
16063,7,KS,Kansas                        ,0,2016-07-21T00:00:00.000Z,Major Disaster,"Severe Storms, Tornadoes, Straight-line Winds, and",Severe Storm,2016-05-22T00:00:00.000Z,2016-05-31T00:00:00.000Z,Turndown,2016-09-29T00:00:00.000Z,0,0,1,1,2016061401,2016-05-22T00:00:00.000Z,85518446-9b45-44dd-bc81-38b98de2c895
16074,8,MT,Montana                       ,1,2016-08-02T00:00:00.000Z,Major Disaster,Severe Storms and Straight Straight Line Winds,Severe Storm,2016-06-24T00:00:00.000Z,2016-06-24T00:00:00.000Z,Turndown,2016-08-12T00:00:00.000Z,1,0,0,1,2016080403,2016-06-24T00:00:00.000Z,d3cca314-ad0b-47da-a02c-1c45335f0ec5
16088,5,WI,Wisconsin                     ,1,2016-09-02T00:00:00.000Z,Major Disaster,Bad River Severe Storms and Flooding,Severe Storm,2016-07-11T00:00:00.000Z,2016-07-14T00:00:00.000Z,Turndown,2016-10-27T00:00:00.000Z,1,0,0,0,2016081603,2016-07-11T00:00:00.000Z,1e60dec8-78ac-4dfb-ad9d-40f3ff409ca7
16092,6,NM,New Mexico                    ,1,2016-09-21T00:00:00.000Z,Major Disaster,Flooding,Flood,2016-08-03T00:00:00.000Z,2016-08-05T00:00:00.000Z,Turndown,2016-11-28T00:00:00.000Z,1,0,0,1,2016092801,2016-08-03T00:00:00.000Z,9fad6ec9-0460-48bc-a15a-c2f8c5b98c89
16108,10,WA,Washington                    ,1,2016-10-18T00:00:00.000Z,Major Disaster,Cayuse Mountain Fire,Fire,2016-08-21T00:00:00.000Z,2016-09-07T00:00:00.000Z,Turndown,2016-10-31T00:00:00.000Z,1,0,0,0,2016083001,2016-08-21T00:00:00.000Z,b709c5a2-d7b4-4cc8-a1f5-63e6d8d73b72
16112,3,DE,Delaware                      ,0,2016-10-27T00:00:00.000Z,Major Disaster,DE Severe Storms - 09/29/2016,Severe Storm,2016-09-29T00:00:00.000Z,2016-09-30T00:00:00.000Z,Turndown,2016-11-18T00:00:00.000Z,1,0,1,1,2016102401,2016-09-29T00:00:00.000Z,0e28048f-f4db-447c-bd67-83c09df7640a
16124,7,KS,Kansas                        ,0,2016-11-24T00:00:00.000Z,Emergency,Chemical Plant Explosion - Neodesha KS,Other,2016-11-22T00:00:00.000Z,,Turndown,2017-01-06T00:00:00.000Z,0,0,1,0,2016112301,2016-11-23T00:00:00.000Z,82dd1ce4-a48b-4184-9aa1-b8f9ae943cec
17001,10,AK,Alaska                        ,1,2016-12-23T00:00:00.000Z,Major Disaster,Newtok Village-Yukip Tribe- Storm Damage,Severe Storm,2006-01-01T00:00:00.000Z,,Turndown,2017-01-18T00:00:00.000Z,1,0,1,1,2017010401,2006-01-01T00:00:00.000Z,16b64fc2-fe85-41c4-9bde-a0e0772a9432
17004,10,AK,Alaska                        ,1,2017-01-15T00:00:00.000Z,Major Disaster,Kivalina-StormFloodErosion-01-15-2017,Severe Storm,2017-01-13T00:00:00.000Z,,Turndown,2017-02-01T00:00:00.000Z,0,0,1,1,2017011701,2017-01-13T00:00:00.000Z,f67bb7b0-e4a3-4723-9676-a5e57ec1b3ea
17008,8,SD,South Dakota                  ,1,2017-01-25T00:00:00.000Z,Major Disaster,Severe Winter Storm,Severe Ice Storm,2016-12-25T00:00:00.000Z,2016-12-26T00:00:00.000Z,Turndown,2017-02-21T00:00:00.000Z,0,0,1,1,2017011801,2016-12-25T00:00:00.000Z,a0c1a1c5-5463-452d-951f-9b560b41ee0b
17040,3,PA,Pennsylvania                  ,0,2017-05-02T00:00:00.000Z,Major Disaster,Severe Winter Storm - 03/13/2017,Snowstorm,2017-03-13T00:00:00.000Z,2017-03-16T00:00:00.000Z,Turndown,2017-06-13T00:00:00.000Z,0,0,1,1,2017031303,2017-03-13T00:00:00.000Z,ac874eb6-3584-43e0-a92a-7eacae251c76
17045,8,ND,North Dakota                  ,0,2017-04-29T00:00:00.000Z,Major Disaster,ND-Dakota Access Pipeline,Other,2016-08-10T00:00:00.000Z,2017-03-31T00:00:00.000Z,Turndown,2017-05-18T00:00:00.000Z,0,0,1,1,2017042701,2016-08-10T00:00:00.000Z,56ffcb72-7aa4-4858-bd82-07d9b5367388
17077,2,NY,New York                      ,0,2017-08-22T00:00:00.000Z,Major Disaster,NY June 30 Severe Storm,Severe Storm,2017-06-30T00:00:00.000Z,,Turndown,2018-01-26T00:00:00.000Z,0,0,0,0,2017081001,2017-06-30T00:00:00.000Z,459cbfd8-5479-40d7-b6b8-3f6b48bc97aa
17084,8,ND,North Dakota                  ,0,2017-08-24T00:00:00.000Z,Major Disaster,ND-Severe Storm,Severe Storm,2017-07-20T00:00:00.000Z,2017-07-20T00:00:00.000Z,Turndown,2017-11-14T00:00:00.000Z,0,0,1,1,2017080402,2017-07-20T00:00:00.000Z,1c449a6c-b36a-42dc-a0ce-c5e8734ef738
17088,5,IL,Illinois                      ,0,2017-08-31T00:00:00.000Z,Major Disaster,RV_IL_Flooding_07142017,Flood,2017-07-11T00:00:00.000Z,2017-07-27T00:00:00.000Z,Turndown,2017-11-07T00:00:00.000Z,1,0,0,1,2017071401,2017-07-14T00:00:00.000Z,d1f72d5d-daf6-4b21-957c-fd3801af329a
17136,8,ND,North Dakota                  ,0,2017-08-07T00:00:00.000Z,Major Disaster,ND - Drought,Drought,2017-05-23T00:00:00.000Z,,Turndown,2017-10-07T00:00:00.000Z,0,0,0,1,2017101004,2017-06-22T00:00:00.000Z,e00c3645-26d9-4e20-b7e1-77c1ca92737d
17140,8,MT,Montana                       ,0,2017-11-15T00:00:00.000Z,Major Disaster,MT - historic series of wildfires,Other,2017-08-10T00:00:00.000Z,2017-09-20T00:00:00.000Z,Turndown,2018-04-26T00:00:00.000Z,0,0,1,1,2017112101,2017-08-10T00:00:00.000Z,2aa15dbc-530a-42ed-913d-c20d8536b3bb
18014,5,IL,Illinois                      ,0,2018-04-11T00:00:00.000Z,Major Disaster,IL-Flooding-02202018-Region V,Flood,2018-02-18T00:00:00.000Z,2018-02-25T00:00:00.000Z,Turndown,2018-04-26T00:00:00.000Z,1,0,0,1,2018022301,2018-02-20T00:00:00.000Z,1f74b3f5-201a-4dc2-96f3-58598fa33a6b
18031,6,LA,Louisiana                     ,0,2018-05-12T00:00:00.000Z,Major Disaster,Severe Weather and Tornados ,Severe Storm,2018-04-13T00:00:00.000Z,2018-04-14T00:00:00.000Z,Turndown,2018-07-12T00:00:00.000Z,1,0,0,1,2018050101,2018-04-06T00:00:00.000Z,ed10d8e7-cf81-4f96-9407-ed0954b48a24
18039,8,SD,South Dakota                  ,0,2018-06-14T00:00:00.000Z,Major Disaster,SD - Severe Thunderstorms & Flooding,Severe Storm,2018-05-17T00:00:00.000Z,,Turndown,2018-10-15T00:00:00.000Z,0,0,1,1,2018052501,2018-05-17T00:00:00.000Z,80dd28a3-adff-45af-a5a7-d6fdd2e7c70a
18042,3,PA,Pennsylvania                  ,0,2018-06-22T00:00:00.000Z,Major Disaster,Pennsylvania Severe Storms - Landslides,Severe Storm,2018-02-15T00:00:00.000Z,2018-04-24T00:00:00.000Z,Turndown,2018-07-11T00:00:00.000Z,0,0,1,1,2018052101,2018-02-15T00:00:00.000Z,b04e1382-d053-4bd6-9002-08fdb22d89ae
18074,4,NC,North Carolina                ,0,2018-07-30T00:00:00.000Z,Major Disaster,RIV Tropical Weather ,Severe Storm,2018-05-15T00:00:00.000Z,2018-05-31T00:00:00.000Z,Turndown,2018-11-09T00:00:00.000Z,1,0,1,1,2018052301,2018-05-15T00:00:00.000Z,55754f5e-2764-4046-8272-cbbd1b9f6642
18095,2,NJ,New Jersey                    ,0,2018-08-30T00:00:00.000Z,Major Disaster,NJ Severe Storm and Flooding,Severe Storm,2018-08-11T00:00:00.000Z,2018-08-13T00:00:00.000Z,Turndown,2018-10-01T00:00:00.000Z,1,0,0,1,2018083003,2018-08-11T00:00:00.000Z,2bb18578-259c-4fa9-9f6d-9880600e268b
18109,6,LA,Louisiana                     ,0,2018-06-29T00:00:00.000Z,Major Disaster,Louisiana Spring Flooding,Flood,2018-02-21T00:00:00.000Z,2018-05-17T00:00:00.000Z,Turndown,2019-02-07T00:00:00.000Z,0,0,1,1,2018061802,2018-02-21T00:00:00.000Z,27636e9d-1142-48f7-a270-cf36b81ee025
19004,1,VT,Vermont                       ,0,2019-01-04T00:00:00.000Z,Major Disaster,Region I_11-26-2018_Severe Winter Storm,Snowstorm,2018-11-26T00:00:00.000Z,2018-11-28T00:00:00.000Z,Turndown,2019-04-08T00:00:00.000Z,0,0,1,1,2018112901,2018-11-26T00:00:00.000Z,2b7d9214-193c-47bd-ada3-1372ddffd208
19040,5,MI,Michigan                      ,0,2019-06-10T00:00:00.000Z,Major Disaster,MI - Flooding,Flood,2019-04-30T00:00:00.000Z,2019-05-01T00:00:00.000Z,Turndown,2019-09-06T00:00:00.000Z,1,0,0,1,2019060601,2019-05-01T00:00:00.000Z,6778b2e2-1444-4ac2-9119-753248e29742
19079,6,AR,Arkansas                      ,0,2019-09-12T00:00:00.000Z,Major Disaster,LA Tropical Storm Barry,Coastal Storm,2019-07-09T00:00:00.000Z,2019-07-15T00:00:00.000Z,Turndown,2019-10-04T00:00:00.000Z,0,0,1,1,2019070902,2019-07-09T00:00:00.000Z,c581297f-7040-4c64-bede-ff769453d76c
19082,8,SD,South Dakota                  ,0,2019-09-10T00:00:00.000Z,Major Disaster,SD - severe storms August 2-11 2019,Severe Storm,2019-08-02T00:00:00.000Z,2019-08-11T00:00:00.000Z,Turndown,2019-11-22T00:00:00.000Z,0,0,1,1,2019092401,2019-08-02T00:00:00.000Z,8710785e-099f-409d-8c6e-b1d1165d9d18
19089,7,NE,Nebraska                      ,0,2019-10-21T00:00:00.000Z,Major Disaster,NE Flooding - 07/15/2019,Flood,2019-07-15T00:00:00.000Z,,Turndown,2020-01-07T00:00:00.000Z,1,0,1,1,2019100301,2019-07-15T00:00:00.000Z,aeab4025-ad0e-4a79-b425-f4ef6a9c8fed
19104,10,AK,Alaska                        ,0,2019-11-25T00:00:00.000Z,Major Disaster,AK-Swan Lake Fire-20190605,Fire,2019-06-05T00:00:00.000Z,2019-10-02T00:00:00.000Z,Turndown,2020-01-27T00:00:00.000Z,0,0,1,1,2019110702,2019-06-05T00:00:00.000Z,5bbd3759-88a6-4d85-a274-1f8e064e9f6e
20004,6,TX,Texas                         ,0,2020-01-14T00:00:00.000Z,Major Disaster,TX - Tornados 10/20/2019,Tornado,2019-10-20T00:00:00.000Z,2019-10-21T00:00:00.000Z,Turndown,2020-06-10T00:00:00.000Z,0,0,1,1,2019102303,2019-10-20T00:00:00.000Z,70618ab4-8635-4607-83ea-00fd945d7f17
20005,6,AR,Arkansas                      ,0,2019-12-03T00:00:00.000Z,Major Disaster,"AR - Severe Storms, Tornado 10/21/2019",Tornado,2019-10-21T00:00:00.000Z,2019-10-21T00:00:00.000Z,Turndown,2020-04-24T00:00:00.000Z,0,0,1,1,2019102801,2019-10-21T00:00:00.000Z,7f128c69-5b0a-43d2-91aa-19287c67544e
20006,10,AK,Alaska                        ,0,2020-02-06T00:00:00.000Z,Major Disaster,Kenai Peninsula Borough Winter Storms,Severe Storm,2019-11-27T00:00:00.000Z,2019-12-10T00:00:00.000Z,Turndown,2020-03-05T00:00:00.000Z,0,0,1,1,2020012701,2019-11-27T00:00:00.000Z,529e0830-daf7-425e-bc80-b10d76c70602
20146,10,AK,Alaska                        ,0,2020-04-06T00:00:00.000Z,Major Disaster,Kaktovik_School_Fire,Fire,2020-02-06T00:00:00.000Z,2020-02-07T00:00:00.000Z,Turndown,2020-06-19T00:00:00.000Z,0,0,1,0,2020032301,2020-03-23T00:00:00.000Z,4572c23d-9b64-4d06-8dfe-776d0be6ae05
20169,4,GA,Georgia                       ,0,2020-04-22T00:00:00.000Z,Major Disaster,SEVERE THUNDERSTORMS ,Severe Storm,2020-04-12T00:00:00.000Z,2020-04-13T00:00:00.000Z,Turndown,2020-04-30T00:00:00.000Z,1,0,0,1,2020041101,2020-04-11T00:00:00.000Z,f240e9d3-27a0-4485-8db5-76500c2b01b8
20173,6,LA,Louisiana                     ,0,2020-04-25T00:00:00.000Z,Major Disaster,Louisiana - Tornado 4/12/2020,Tornado,2020-04-12T00:00:00.000Z,2020-04-12T00:00:00.000Z,Turndown,2020-04-30T00:00:00.000Z,1,0,0,1,2020041301,2020-04-12T00:00:00.000Z,faacbf45-fa54-423c-966d-48206eafa22d
20206,5,MN,Minnesota                     ,0,2020-07-02T00:00:00.000Z,Major Disaster,MN Fires due to Civil Unrest,Civil Unrest,2020-05-27T00:00:00.000Z,2020-06-03T00:00:00.000Z,Turndown,2020-08-18T00:00:00.000Z,0,0,1,1,2020061801,2020-05-26T00:00:00.000Z,51eaa4a0-2214-4d55-a344-f274da90c83a
20209,6,LA,Louisiana                     ,0,2020-07-10T00:00:00.000Z,Major Disaster,Louisiana - Tornado 4/22/2020,Tornado,2020-04-22T00:00:00.000Z,2020-04-22T00:00:00.000Z,Turndown,2020-09-09T00:00:00.000Z,0,0,1,1,2020042301,2020-04-22T00:00:00.000Z,46bfda78-41c8-4a02-8470-381d1d835d81
20224,4,MS,Mississippi                   ,0,2020-07-07T00:00:00.000Z,Major Disaster,TS Cristobal,Coastal Storm,2020-06-07T00:00:00.000Z,2020-06-08T00:00:00.000Z,Turndown,2020-11-18T00:00:00.000Z,0,0,1,1,2020060302,2020-06-05T00:00:00.000Z,5cd4297c-2c77-4b9a-b664-694259e580e7
20304,6,TX,Texas                         ,0,2020-09-30T00:00:00.000Z,Major Disaster,TX - Hurricane Hanna,Hurricane,2020-07-25T00:00:00.000Z,2020-07-31T00:00:00.000Z,Turndown,2021-06-01T00:00:00.000Z,0,0,1,1,2020072502,2020-07-25T00:00:00.000Z,3bb0fa60-d60e-49a7-837c-b1dd94f5c0bd
20312,3,PA,Pennsylvania                  ,0,2020-10-05T00:00:00.000Z,Major Disaster,Tropical Storm Isaias,Hurricane,2020-08-03T00:00:00.000Z,2020-08-04T00:00:00.000Z,Turndown,2020-11-18T00:00:00.000Z,1,0,1,1,2020072601,2020-08-03T00:00:00.000Z,449f98b1-e4bb-488b-84e9-f2a818fb4a35
21003,3,VA,Virginia                      ,0,2021-01-15T00:00:00.000Z,Emergency,National Special Security Event - 59th Presidentia,Other,2021-01-06T00:00:00.000Z,,Turndown,2021-03-18T00:00:00.000Z,0,0,1,0,2021011002,2021-01-06T00:00:00.000Z,6ee2d82c-b1a7-483f-bc03-8e082a35cb78
21004,3,MD,Maryland                      ,0,2021-01-15T00:00:00.000Z,Emergency,National Special Security Event - 59th Presidentia,Other,2021-01-06T00:00:00.000Z,,Turndown,2021-03-17T00:00:00.000Z,0,0,1,0,2021011002,2021-01-06T00:00:00.000Z,04e41639-48a9-439e-8167-ef84acffd522
21008,4,AL,Alabama                       ,0,2021-02-12T00:00:00.000Z,Major Disaster,Severe Weather/Tornados,Tornado,2021-01-25T00:00:00.000Z,2021-01-25T00:00:00.000Z,Turndown,2021-03-17T00:00:00.000Z,1,0,0,1,2021020401,2021-01-25T00:00:00.000Z,d1622a7f-e163-48dd-a67c-dc0f80c83ec3
21057,8,WY,Wyoming                       ,0,2021-05-07T00:00:00.000Z,Major Disaster,WY 2021 Winter Storm-Snow,Snowstorm,2021-03-13T00:00:00.000Z,2021-03-15T00:00:00.000Z,Turndown,2021-07-21T00:00:00.000Z,0,0,1,1,2021051201,2021-03-13T00:00:00.000Z,6940f084-06e8-42cd-88c7-d203742ae314
21076,8,MT,Montana                       ,1,2021-08-02T00:00:00.000Z,Major Disaster,MT - Ft Peck Indian Res - Straight Line Winds,Severe Storm,2021-06-08T00:00:00.000Z,2021-06-08T00:00:00.000Z,Turndown,2021-09-13T00:00:00.000Z,1,0,0,1,2021080902,2021-06-08T00:00:00.000Z,29bd709d-c72f-4b51-b566-5120416a3d07
21079,4,KY,Kentucky                      ,0,2021-08-19T00:00:00.000Z,Major Disaster,R4 Kentucky Flash Flooding,Flood,2021-07-29T00:00:00.000Z,2021-07-30T00:00:00.000Z,Turndown,2021-10-08T00:00:00.000Z,1,0,0,0,2021080601,2021-07-29T00:00:00.000Z,7101e67c-22b6-42bf-ae4d-ae814c604d5f
21108,3,MD,Maryland                      ,0,2021-09-27T00:00:00.000Z,Major Disaster,Remnants of Hurricane Ida,Hurricane,2021-08-31T00:00:00.000Z,2021-09-04T00:00:00.000Z,Turndown,2021-10-08T00:00:00.000Z,1,0,0,1,2021082601,2021-08-27T00:00:00.000Z,11cf21f7-3dcb-450c-9947-45b8cbc26773
21109,6,TX,Texas                         ,0,2021-09-20T00:00:00.000Z,Emergency,Texas - Border Security,Other,2021-05-31T00:00:00.000Z,,Turndown,2021-10-24T00:00:00.000Z,0,0,1,0,2021092001,2021-05-31T00:00:00.000Z,fdf842a0-ca65-4101-8831-9716692e08d4
21112,5,MN,Minnesota                     ,1,2021-09-30T00:00:00.000Z,Major Disaster,Red Lake Severe Storms,Tornado,2021-07-26T00:00:00.000Z,2021-07-26T00:00:00.000Z,Turndown,2021-10-24T00:00:00.000Z,1,0,1,1,2021092801,2021-07-26T00:00:00.000Z,314974d1-afe0-4643-8d63-195efc2ec69a
21114,6,NM,New Mexico                    ,0,2021-10-06T00:00:00.000Z,Major Disaster,New Mexico Severe Storms and Flooding,Flood,2021-08-12T00:00:00.000Z,2021-08-16T00:00:00.000Z,Turndown,2021-11-12T00:00:00.000Z,1,0,1,1,2021100601,2021-08-12T00:00:00.000Z,aa3ae9c3-fa52-420f-8afa-3d1619a1f276
21118,10,OR,Oregon                        ,0,2021-10-06T00:00:00.000Z,Major Disaster,OR-Bootleg Fire-07/10/21,Fire,2021-07-06T00:00:00.000Z,2021-08-15T00:00:00.000Z,Turndown,2021-10-26T00:00:00.000Z,1,0,0,1,2021071101,2021-07-10T00:00:00.000Z,a89b75ed-a455-4e24-93d8-99bdc20c7b87
22006,4,FL,Florida                       ,0,2022-01-24T00:00:00.000Z,Major Disaster,R04 FL Severe Storms and Tornadoes,Tornado,2022-01-16T00:00:00.000Z,2022-01-16T00:00:00.000Z,Turndown,2022-04-24T00:00:00.000Z,1,0,0,0,2022011801,2022-01-16T00:00:00.000Z,9249a34e-50c5-46a8-a17b-65f2eda2a548
22035,4,MS,Mississippi                   ,0,2022-04-28T00:00:00.000Z,Major Disaster,"Severe Storms and Tornadoes - March 21-22, 2022",Severe Storm,2022-03-22T00:00:00.000Z,2022-03-22T00:00:00.000Z,Turndown,2022-07-18T00:00:00.000Z,1,0,0,1,2022032102,2022-03-21T00:00:00.000Z,592bd423-6c62-4f83-a957-93429b8c4386
22037,4,MS,Mississippi                   ,0,2022-04-29T00:00:00.000Z,Major Disaster,R04 Severe Storms,Severe Storm,2022-03-30T00:00:00.000Z,2022-03-30T00:00:00.000Z,Turndown,2022-07-02T00:00:00.000Z,1,0,0,1,2022033001,2022-03-30T00:00:00.000Z,8e5fb6a9-b813-49ca-bb94-7e275f5ba720
22044,4,TN,Tennessee                     ,0,2022-05-27T00:00:00.000Z,Major Disaster,R04 Wears Valley Wildfire ,Fire,2022-03-30T00:00:00.000Z,2022-04-05T00:00:00.000Z,Turndown,2022-07-02T00:00:00.000Z,1,0,0,1,2022051203,2022-03-30T00:00:00.000Z,ae78ae14-f49c-4744-8967-c1c1a27a25d6
22045,3,WV,West Virginia                 ,0,2022-06-03T00:00:00.000Z,Major Disaster,"WV, Severe Storms and Flooding- May 6, 2022",Flood,2022-05-06T00:00:00.000Z,2022-05-07T00:00:00.000Z,Turndown,2022-08-27T00:00:00.000Z,1,0,0,1,2022052301,2022-05-06T00:00:00.000Z,10b201e9-3e98-4378-9e69-07d2a84fb2fa
22046,5,MI,Michigan                      ,0,2022-06-08T00:00:00.000Z,Major Disaster,MI - Otsego County - Tornado and Severe Weather,Tornado,2022-05-20T00:00:00.000Z,2022-05-20T00:00:00.000Z,Turndown,2022-07-02T00:00:00.000Z,1,0,0,1,2022060301,2022-05-20T00:00:00.000Z,04c84856-a4ef-4bb6-8dda-8cd3bb7f8adb
22081,10,OR,Oregon                        ,0,2022-09-09T00:00:00.000Z,Emergency,Oregon Wildfire Response ,Fire,2022-09-08T00:00:00.000Z,,Turndown,2023-01-04T00:00:00.000Z,0,0,1,0,2022091001,2022-09-08T00:00:00.000Z,f36566a9-4cd9-4e96-9021-77deaf7fc4d1
22092,4,GA,Georgia                       ,0,2022-10-04T00:00:00.000Z,Major Disaster,"R4 Flooding in Chattooga/Floyd Counties, GA",Flood,2022-09-04T00:00:00.000Z,2022-09-14T00:00:00.000Z,Turndown,2022-12-31T00:00:00.000Z,1,0,0,0,2022090602,2022-09-04T00:00:00.000Z,b411a848-cbc6-446f-8873-00032e6b3b22
22094,3,WV,West Virginia                 ,0,2022-10-14T00:00:00.000Z,Major Disaster,WV Severe Storms and Flooding ,Flood,2022-07-25T00:00:00.000Z,2022-08-01T00:00:00.000Z,Turndown,2022-12-05T00:00:00.000Z,0,0,1,1,2022092002,2022-07-25T00:00:00.000Z,cf785724-2bb7-4b8f-9ca0-3c81d4a25a41
22095,3,WV,West Virginia                 ,0,2022-10-14T00:00:00.000Z,Major Disaster,WV Severe Storms and Flooding ,Flood,2022-08-11T00:00:00.000Z,2022-08-11T00:00:00.000Z,Turndown,2022-12-05T00:00:00.000Z,0,0,1,1,2022092001,2022-08-11T00:00:00.000Z,3f1588be-db65-4ab8-a815-d43ad2e88727
22098,8,UT,Utah                          ,0,2022-10-19T00:00:00.000Z,Major Disaster,UT Flooding - 08/19/2022,Flood,2022-08-19T00:00:00.000Z,2022-08-21T00:00:00.000Z,Turndown,2023-01-18T00:00:00.000Z,0,0,1,1,2022092701,2022-08-19T00:00:00.000Z,8bb71520-e3ae-4d0d-8d36-11e059e5fc65
22100,9,CA,California                    ,0,2022-10-26T00:00:00.000Z,Major Disaster,California Extreme Heat Event and Wildfires,Fire,2022-08-29T00:00:00.000Z,,Turndown,2023-05-16T00:00:00.000Z,1,0,1,1,2022100501,2022-08-30T00:00:00.000Z,6cfca21d-6620-4c6b-88b0-cf536b377bd1
23001,6,OK,Oklahoma                      ,1,2023-01-03T00:00:00.000Z,Major Disaster,Severe Weather 11/4/2022,Severe Storm,2022-11-04T00:00:00.000Z,2022-11-04T00:00:00.000Z,Turndown,2023-05-18T00:00:00.000Z,0,0,1,1,2022110401,2022-11-04T00:00:00.000Z,0790baee-31aa-4f9a-b3e8-457059446a9f
23010,6,TX,Texas                         ,0,2023-02-07T00:00:00.000Z,Major Disaster,Severe Weather,Severe Storm,2023-01-24T00:00:00.000Z,2023-01-24T00:00:00.000Z,Turndown,2023-03-16T00:00:00.000Z,1,0,0,1,2023012401,2023-01-24T00:00:00.000Z,6f173edd-c335-492a-896a-783525092afa
23019,9,HI,Hawaii                        ,0,2023-01-20T00:00:00.000Z,Major Disaster,Mauna Loa Volcanic Eruption,Volcanic Eruption,2022-11-27T00:00:00.000Z,2022-12-16T00:00:00.000Z,Turndown,2023-03-01T00:00:00.000Z,0,0,1,1,2022120301,2022-11-28T00:00:00.000Z,58bd90b7-1778-4dcb-a2f6-78efc366c18e
23020,10,OR,Oregon                        ,0,2023-02-28T00:00:00.000Z,Major Disaster,OR - Severe Winter Storm,Severe Storm,2022-12-26T00:00:00.000Z,2022-12-31T00:00:00.000Z,Turndown,2023-04-05T00:00:00.000Z,0,0,1,1,2023020101,2022-12-26T00:00:00.000Z,7ec910e8-77d6-49d0-be81-b4c2b3b99fbe
23026,8,ND,North Dakota                  ,0,2023-03-21T00:00:00.000Z,Major Disaster,ND freezing fog,Freezing,2023-01-16T00:00:00.000Z,2023-01-20T00:00:00.000Z,Turndown,2023-05-09T00:00:00.000Z,0,0,1,1,2023031701,2023-01-16T00:00:00.000Z,55e806f3-b013-4581-83b1-6fbb8da048ad
23040,5,IL,Illinois                      ,0,2023-04-05T00:00:00.000Z,Emergency,R5-Illinois-March 31st Severe Storms Tornadoes ,Severe Storm,2023-03-31T00:00:00.000Z,2023-04-01T00:00:00.000Z,Turndown,2023-05-06T00:00:00.000Z,0,0,1,0,2023041002,2023-03-31T00:00:00.000Z,13af15eb-5cf3-46c8-aef8-05061dcbc33f
23051,1,NH,New Hampshire                 ,0,2023-05-12T00:00:00.000Z,Major Disaster,Severe Winter Storm ,Snowstorm,2023-03-13T00:00:00.000Z,2023-03-15T00:00:00.000Z,Turndown,2023-06-12T00:00:00.000Z,0,0,1,1,2023032901,2023-03-13T00:00:00.000Z,04f5ebf8-c0a3-4bf2-9621-48ec94563225
23055,4,GA,Georgia                       ,0,2023-05-26T00:00:00.000Z,Major Disaster,Severe Weather,Severe Storm,2023-03-25T00:00:00.000Z,2023-03-27T00:00:00.000Z,Turndown,2023-08-22T00:00:00.000Z,1,0,1,1,2023032302,2023-03-24T00:00:00.000Z,1b64be82-6c79-48cb-b726-d4d3b355223f
23057,7,IA,Iowa                          ,0,2023-06-06T00:00:00.000Z,Emergency,R7 Iowa Building Collapse,Other,2023-05-28T00:00:00.000Z,2023-05-28T00:00:00.000Z,Turndown,2023-06-28T00:00:00.000Z,0,0,1,0,2023060701,2023-05-28T00:00:00.000Z,de052ba5-99d7-478f-b357-39d83d06049a
23060,5,MI,Michigan                      ,0,2023-06-15T00:00:00.000Z,Major Disaster,Flooding/ Spring Thaw/ Snow Melt MI,Flood,2023-04-10T00:00:00.000Z,2023-05-14T00:00:00.000Z,Turndown,2023-08-25T00:00:00.000Z,0,0,1,1,2023051102,2023-04-10T00:00:00.000Z,8e64a8a4-027b-497a-9e41-07732a54cbd8
23066,10,AK,Alaska                        ,1,2023-06-29T00:00:00.000Z,Emergency,Severed Fiber Optic Cable,Other,2023-06-10T00:00:00.000Z,,Turndown,2023-07-24T00:00:00.000Z,0,0,1,0,2023070601,2023-06-10T00:00:00.000Z,5854e20c-781a-428d-82a7-13dd8799cc56
23079,1,NH,New Hampshire                 ,0,2023-07-28T00:00:00.000Z,Major Disaster,Flooding ,Flood,2023-04-30T00:00:00.000Z,2023-05-01T00:00:00.000Z,Turndown,2023-09-26T00:00:00.000Z,0,0,1,1,2023051002,2023-04-30T00:00:00.000Z,85298154-0bce-45e1-bd17-21558bf79b07
23082,3,PA,Pennsylvania                  ,0,2023-07-31T00:00:00.000Z,Major Disaster,R3_07092023 Severe Storms and Flooding _PA,Flood,2023-07-09T00:00:00.000Z,2023-07-09T00:00:00.000Z,Turndown,2023-09-26T00:00:00.000Z,1,0,1,1,2023071702,2023-07-09T00:00:00.000Z,b637fdab-980b-4e17-a5f3-5a7cbead7fc1
23094,7,IA,Iowa                          ,0,2023-06-20T00:00:00.000Z,Major Disaster,R7 Iowa Building Collapse,Other,2023-05-28T00:00:00.000Z,2023-05-28T00:00:00.000Z,Turndown,2023-08-15T00:00:00.000Z,0,0,1,0,2023060701,2023-05-28T00:00:00.000Z,1de1edca-09dd-415b-894c-f41f05ed2558
23099,4,KY,Kentucky                      ,0,2023-08-18T00:00:00.000Z,Major Disaster,Severe Storms straight-line winds & flash flooding,Severe Storm,2023-07-17T00:00:00.000Z,2023-07-20T00:00:00.000Z,Turndown,2023-09-26T00:00:00.000Z,1,0,0,0,2023073102,2023-07-16T00:00:00.000Z,721487fb-8cc7-4593-8b2a-5bb624216daa
23117,10,AK,Alaska                        ,0,2023-09-05T00:00:00.000Z,Major Disaster,Mendenhall Glacier Dam Burst,Dam/Levee Break,2023-08-04T00:00:00.000Z,2023-08-06T00:00:00.000Z,Turndown,2023-09-26T00:00:00.000Z,1,0,1,1,2023081501,2023-08-05T00:00:00.000Z,3dd98085-ae54-4a16-ae30-70d2b5bb1090
